/*
 Navicat Premium Data Transfer

 Source Server         : trantal
 Source Server Type    : MySQL
 Source Server Version : 80032 (8.0.32)
 Source Host           : localhost:3306
 Source Schema         : trantal_sys

 Target Server Type    : MySQL
 Target Server Version : 80032 (8.0.32)
 File Encoding         : 65001

 Date: 10/08/2024 20:11:05
*/

SET NAMES utf8mb4;
SET FOREIGN_KEY_CHECKS = 0;

-- ----------------------------
-- Table structure for object_classes
-- ----------------------------
DROP TABLE IF EXISTS `object_classes`;
CREATE TABLE `object_classes` (
  `classes_id` int NOT NULL AUTO_INCREMENT COMMENT '商品分类ID',
  `classes_parent_id` int DEFAULT '0' COMMENT '分类父级ID',
  `classes_name` varchar(20) NOT NULL COMMENT '分类名称',
  `classes_status` int NOT NULL DEFAULT '1' COMMENT '当前分类状态 1:正常\n2:下线',
  `weight_id` int NOT NULL COMMENT '权重登记',
  `list_status` int NOT NULL DEFAULT '2' COMMENT '显示在首页的商品分类的列表',
  `object_status` int NOT NULL DEFAULT '2' COMMENT '显示在商品页面的显示状态',
  PRIMARY KEY (`classes_id`)
) ENGINE=InnoDB AUTO_INCREMENT=13 DEFAULT CHARSET=utf8mb4 COLLATE=utf8mb4_0900_ai_ci;

-- ----------------------------
-- Records of object_classes
-- ----------------------------
BEGIN;
INSERT INTO `object_classes` (`classes_id`, `classes_parent_id`, `classes_name`, `classes_status`, `weight_id`, `list_status`, `object_status`) VALUES (1, 0, '综合', 0, 0, 2, 2);
INSERT INTO `object_classes` (`classes_id`, `classes_parent_id`, `classes_name`, `classes_status`, `weight_id`, `list_status`, `object_status`) VALUES (2, 1, '笔记本电脑|移动PC', 1, 1, 1, 1);
INSERT INTO `object_classes` (`classes_id`, `classes_parent_id`, `classes_name`, `classes_status`, `weight_id`, `list_status`, `object_status`) VALUES (3, 1, '台式机|DIY硬件', 1, 2, 1, 1);
INSERT INTO `object_classes` (`classes_id`, `classes_parent_id`, `classes_name`, `classes_status`, `weight_id`, `list_status`, `object_status`) VALUES (4, 1, '手机|便携通讯设备', 1, 3, 1, 1);
INSERT INTO `object_classes` (`classes_id`, `classes_parent_id`, `classes_name`, `classes_status`, `weight_id`, `list_status`, `object_status`) VALUES (5, 1, '数码3C|智能设备', 1, 4, 1, 1);
INSERT INTO `object_classes` (`classes_id`, `classes_parent_id`, `classes_name`, `classes_status`, `weight_id`, `list_status`, `object_status`) VALUES (6, 1, '彩电|智能家电', 1, 5, 1, 2);
INSERT INTO `object_classes` (`classes_id`, `classes_parent_id`, `classes_name`, `classes_status`, `weight_id`, `list_status`, `object_status`) VALUES (7, 1, '出行穿戴|移动便携设备', 1, 6, 1, 2);
INSERT INTO `object_classes` (`classes_id`, `classes_parent_id`, `classes_name`, `classes_status`, `weight_id`, `list_status`, `object_status`) VALUES (8, 1, '其他', 1, 99, 1, 2);
INSERT INTO `object_classes` (`classes_id`, `classes_parent_id`, `classes_name`, `classes_status`, `weight_id`, `list_status`, `object_status`) VALUES (11, 1, '智能家居|日常家居', 1, 7, 2, 2);
INSERT INTO `object_classes` (`classes_id`, `classes_parent_id`, `classes_name`, `classes_status`, `weight_id`, `list_status`, `object_status`) VALUES (12, 1, '零食小铺', 1, 12, 2, 2);
COMMIT;

-- ----------------------------
-- Table structure for receive_info
-- ----------------------------
DROP TABLE IF EXISTS `receive_info`;
CREATE TABLE `receive_info` (
  `receive_id` int NOT NULL AUTO_INCREMENT COMMENT '收件信息ID',
  `user_id` int NOT NULL COMMENT '用户ID',
  `receive_address` varchar(255) NOT NULL COMMENT '收件地址',
  `receive_phone` varchar(255) NOT NULL COMMENT '收件手机号',
  `receive_name` varchar(255) NOT NULL COMMENT '收件人姓名',
  `receive_status` int NOT NULL COMMENT '收件信息状态',
  `receive_add_time` datetime NOT NULL COMMENT '收件添加时间',
  PRIMARY KEY (`receive_id`) USING BTREE,
  KEY `receive_outside` (`user_id`),
  CONSTRAINT `receive_outside` FOREIGN KEY (`user_id`) REFERENCES `trantal_user` (`user_id`) ON DELETE CASCADE ON UPDATE CASCADE
) ENGINE=InnoDB AUTO_INCREMENT=18 DEFAULT CHARSET=utf8mb4 COLLATE=utf8mb4_0900_ai_ci;

-- ----------------------------
-- Records of receive_info
-- ----------------------------
BEGIN;
INSERT INTO `receive_info` (`receive_id`, `user_id`, `receive_address`, `receive_phone`, `receive_name`, `receive_status`, `receive_add_time`) VALUES (1, 2, '浙江省诸暨市上虞区百官街道', '15372542572', '陈特奥', 1, '2024-02-19 13:22:57');
INSERT INTO `receive_info` (`receive_id`, `user_id`, `receive_address`, `receive_phone`, `receive_name`, `receive_status`, `receive_add_time`) VALUES (2, 2, '浙江省绍兴市上虞区百官街道', '1888888888', '陈特奥', 1, '2024-02-19 13:25:15');
INSERT INTO `receive_info` (`receive_id`, `user_id`, `receive_address`, `receive_phone`, `receive_name`, `receive_status`, `receive_add_time`) VALUES (3, 2, '浙江省绍兴市上虞区百官街道', '15372542572', '陈特奥', 1, '2024-02-21 00:36:33');
INSERT INTO `receive_info` (`receive_id`, `user_id`, `receive_address`, `receive_phone`, `receive_name`, `receive_status`, `receive_add_time`) VALUES (4, 2, '浙江省绍兴市上虞区百官街道', '15372542572', '陈特奥', 1, '2024-02-21 00:42:23');
INSERT INTO `receive_info` (`receive_id`, `user_id`, `receive_address`, `receive_phone`, `receive_name`, `receive_status`, `receive_add_time`) VALUES (5, 2, '浙江省绍兴市上虞区百官街道', '15372542572', '陈特', 1, '2024-02-21 00:48:55');
INSERT INTO `receive_info` (`receive_id`, `user_id`, `receive_address`, `receive_phone`, `receive_name`, `receive_status`, `receive_add_time`) VALUES (6, 3, '浙江省台州市台州府县天龙村', '12313213123', '何思', 1, '2024-02-21 00:51:16');
INSERT INTO `receive_info` (`receive_id`, `user_id`, `receive_address`, `receive_phone`, `receive_name`, `receive_status`, `receive_add_time`) VALUES (7, 3, '浙江省丽水市缙云县下黄河路', '1232333223', '思静', 1, '2024-02-21 10:31:41');
INSERT INTO `receive_info` (`receive_id`, `user_id`, `receive_address`, `receive_phone`, `receive_name`, `receive_status`, `receive_add_time`) VALUES (8, 3, '狂飙节目组', '121321313134', '李宏伟', 0, '2024-02-21 10:33:05');
INSERT INTO `receive_info` (`receive_id`, `user_id`, `receive_address`, `receive_phone`, `receive_name`, `receive_status`, `receive_add_time`) VALUES (9, 3, '浙江省绍兴市上虞区盖北镇浙江理工大学', '14387462344', '李兴会', 1, '2024-02-21 10:34:23');
INSERT INTO `receive_info` (`receive_id`, `user_id`, `receive_address`, `receive_phone`, `receive_name`, `receive_status`, `receive_add_time`) VALUES (10, 3, '江苏省连云港市涨两市', '1232312313', '张丽', 0, '2024-02-21 10:35:46');
INSERT INTO `receive_info` (`receive_id`, `user_id`, `receive_address`, `receive_phone`, `receive_name`, `receive_status`, `receive_add_time`) VALUES (14, 3, '浙江省台州市台州府县天龙村', '123132131231', '何思静', 1, '2024-02-21 19:12:11');
INSERT INTO `receive_info` (`receive_id`, `user_id`, `receive_address`, `receive_phone`, `receive_name`, `receive_status`, `receive_add_time`) VALUES (15, 21, '网易永劫无间唐安城二楼', '133333333', '玉玲珑', 1, '2024-03-06 13:38:33');
INSERT INTO `receive_info` (`receive_id`, `user_id`, `receive_address`, `receive_phone`, `receive_name`, `receive_status`, `receive_add_time`) VALUES (16, 39, '浙江省绍兴市上虞区盖北街道', '888888888', '宋sir', 1, '2024-04-12 18:12:53');
INSERT INTO `receive_info` (`receive_id`, `user_id`, `receive_address`, `receive_phone`, `receive_name`, `receive_status`, `receive_add_time`) VALUES (17, 39, '浙江省杭州市上城区采荷街道', '1232342332', '宋Sir2', 1, '2024-04-12 18:13:58');
COMMIT;

-- ----------------------------
-- Table structure for trantal_object
-- ----------------------------
DROP TABLE IF EXISTS `trantal_object`;
CREATE TABLE `trantal_object` (
  `object_id` int NOT NULL AUTO_INCREMENT COMMENT '商品ID',
  `object_uuid` varchar(20) DEFAULT NULL COMMENT '商品编码',
  `object_name` varchar(30) DEFAULT NULL COMMENT '商品名称',
  `object_title` varchar(255) NOT NULL COMMENT '商品标题',
  `object_oldprice` float NOT NULL DEFAULT '0' COMMENT '商品原价',
  `object_price` float NOT NULL DEFAULT '0' COMMENT '商品当前售价',
  `object_info` varchar(1000) DEFAULT NULL COMMENT '商品信息',
  `object_cout` int DEFAULT '0' COMMENT '商品数量',
  `object_image` varchar(1000) DEFAULT NULL COMMENT '商品图片',
  `object_status` int NOT NULL DEFAULT '1' COMMENT '商品状态  1:正常\n2:下架',
  `object_time` date NOT NULL COMMENT '上架时间',
  `object_classes` int DEFAULT NULL COMMENT '商品分类',
  `user_id` int NOT NULL COMMENT '商家ID',
  `object_banner` varchar(255) DEFAULT NULL COMMENT '商家海报图',
  `object_img` varchar(1000) DEFAULT NULL COMMENT '商品详情图',
  PRIMARY KEY (`object_id`) USING BTREE,
  KEY `user_id` (`user_id`),
  KEY `classes` (`object_classes`),
  KEY `object_price` (`object_price`),
  CONSTRAINT `classes` FOREIGN KEY (`object_classes`) REFERENCES `object_classes` (`classes_id`),
  CONSTRAINT `user_id` FOREIGN KEY (`user_id`) REFERENCES `trantal_user` (`user_id`) ON DELETE RESTRICT ON UPDATE RESTRICT
) ENGINE=InnoDB AUTO_INCREMENT=48 DEFAULT CHARSET=utf8mb4 COLLATE=utf8mb4_0900_ai_ci;

-- ----------------------------
-- Records of trantal_object
-- ----------------------------
BEGIN;
INSERT INTO `trantal_object` (`object_id`, `object_uuid`, `object_name`, `object_title`, `object_oldprice`, `object_price`, `object_info`, `object_cout`, `object_image`, `object_status`, `object_time`, `object_classes`, `user_id`, `object_banner`, `object_img`) VALUES (23, '1707578858478', '机械革命极光Pro 256GB', '机械革命极光Pro旷世G16/15Pro极光e/z学生游戏本4060笔记本电脑', 4399, 4299.99, '机械革命极光Pro旷世G16/15Pro极光e/z学生游戏本4060笔记本电脑', 286, 'http://localhost:8898/1707578858478_/image/82X0sRjVCPayPR4GUIjoh71MQ1707633031962.jpg,http://localhost:8898/1707578858478_/image/dEhf9cdZ29bqkbIj389ecRJ461707638940344.jpg', 1, '2024-02-03', 2, 3, 'http://localhost:8898/1707578858478_/banner/1xyoQQwH7fxyBTJJjPhQ1wbqe1707633034743.jpg', 'http://localhost:8898/1707578858478_/info/BcHyl1xhtPM8nNmUjqMgvrOMV1707633040184.jpg,http://localhost:8898/1707578858478_/info/bCSMjXvP0FRQGxbzZ0cCL7i9Z1707633040200.jpg,http://localhost:8898/1707578858478_/info/9mhx3etlzuqdmIy2u428FEzcy1707633040202.jpg,http://localhost:8898/1707578858478_/info/2kklP6fDGrpNNgl8SOF9HlDFJ1707633040203.jpg,http://localhost:8898/1707578858478_/info/fBBvh339iBi4RX6lEzIbzdXrg1707633040203.jpg');
INSERT INTO `trantal_object` (`object_id`, `object_uuid`, `object_name`, `object_title`, `object_oldprice`, `object_price`, `object_info`, `object_cout`, `object_image`, `object_status`, `object_time`, `object_classes`, `user_id`, `object_banner`, `object_img`) VALUES (24, '1707633743359', '机械革命旷世G16', '机械革命极光Pro旷世G16/15Pro极光e/z学生游戏本4060笔记本电脑', 4499, 4299, NULL, 11, 'http://localhost:8898/1707633743359_/image/JE9dUssNSuTpG9OelwyBd6KcM1707633874699.jpg', 2, '2024-02-10', 2, 3, 'http://localhost:8898/1707633743359_/banner/IvrorTFK1W4ZAwKQcFNDkUYx01707633877562.jpg', 'http://localhost:8898/1707633743359_/info/LjJkdSogBVoVkcAxBucptazPS1707633882670.jpg,http://localhost:8898/1707633743359_/info/vHsX0CR5dHrJvOoeaHEMyciA41707633882671.jpg,http://localhost:8898/1707633743359_/info/YSSJJmhKgreYslz0SuScgfvTB1707633882675.jpg,http://localhost:8898/1707633743359_/info/d9hK7WmK3kqGm6Gv5DyBoAx0Q1707633882676.jpg');
INSERT INTO `trantal_object` (`object_id`, `object_uuid`, `object_name`, `object_title`, `object_oldprice`, `object_price`, `object_info`, `object_cout`, `object_image`, `object_status`, `object_time`, `object_classes`, `user_id`, `object_banner`, `object_img`) VALUES (25, '1707633919617', '机械革命极光z', '机械革命极光Pro旷世G16/15Pro极光e/z学生游戏本4060笔记本电脑', 4999, 4599, NULL, 2, 'http://localhost:8898/1707633919617_/image/fOLFFWS16k9CSKImqVvPn8N1Q1707638776334.jpg,http://localhost:8898/1707633919617_/image/HWBGQfRPijNf6XPGBRo3YPl8p1707638776339.jpg,http://localhost:8898/1707633919617_/image/YKAqjrurlyiXjcxyxAw61k5HL1707638776341.jpg', 2, '2024-02-03', 2, 3, 'http://localhost:8898/1707633919617_/banner/u6yBOUJksVGGQfuhoaC8uDKOR1714059570641.jpg', 'http://localhost:8898/1707633919617_/info/YgBt32UKJo8N86BYwsiTdR1D81707638783914.jpg,http://localhost:8898/1707633919617_/info/E8jNwQjBm8TVe5pciRL1Toj8u1707638783925.jpg,http://localhost:8898/1707633919617_/info/hj7IC2nltWTb3VXj8DvFOqoQy1707638783930.jpg,http://localhost:8898/1707633919617_/info/vPfPl1fov1KnxavrHhXc3nhXd1707638783930.jpg');
INSERT INTO `trantal_object` (`object_id`, `object_uuid`, `object_name`, `object_title`, `object_oldprice`, `object_price`, `object_info`, `object_cout`, `object_image`, `object_status`, `object_time`, `object_classes`, `user_id`, `object_banner`, `object_img`) VALUES (26, '1708618696526', ' 机械革命 极光S ', '机械革命 极光S 英特尔酷睿i9-12900HX RTX4060独显 电竞游戏台式机电脑主机小机箱家用企业采购设计师商用', 6399, 5999, NULL, 9, 'http://localhost:8898/1708618696526_/image/dkxKByRmW0TgM1mqFM0Ypk2HN1708618831224.jpg,http://localhost:8898/1708618696526_/image/QPKrR0EFSSfjY8YZhdSZwKmJM1708618831224.jpg,http://localhost:8898/1708618696526_/image/unulUc9bAYEt2PLUqzrTkDb2Q1708618831224.jpg,http://localhost:8898/1708618696526_/image/tcU2p1NJXhvLRZlXqqrdrGoSr1708618831224.jpg', 2, '2024-02-23', 3, 3, 'http://localhost:8898/1708618696526_/banner/aGevrTgzTvSUUjWgdoJWMzckr1708618843421.jpg', 'http://localhost:8898/1708618696526_/info/4nWWHyTDebqXhBgsHsxuwyCQb1708618857518.jpg,http://localhost:8898/1708618696526_/info/j2VoETt9BvHyYYfE6e919MPv11708618857519.jpg,http://localhost:8898/1708618696526_/info/vJcnHlFtqSyjzXCZvsgBAVbHh1708618857514.jpg,http://localhost:8898/1708618696526_/info/tBR1ZjqsPMz2eKIDmjuvIOjpG1708618857526.jpg,http://localhost:8898/1708618696526_/info/DpHVKIvzFsuDerF8fjFKRxm7F1708618857527.jpg,http://localhost:8898/1708618696526_/info/bK0tyQJQyWSztLMcImgPfkWVB1708618857517.jpg,http://localhost:8898/1708618696526_/info/QKqvyozZglGNOsNM8bzWBABCf1708618857550.jpg,http://localhost:8898/1708618696526_/info/SpeIcAqrRhtj7RFjEqkMUq9a81708618857551.jpg');
INSERT INTO `trantal_object` (`object_id`, `object_uuid`, `object_name`, `object_title`, `object_oldprice`, `object_price`, `object_info`, `object_cout`, `object_image`, `object_status`, `object_time`, `object_classes`, `user_id`, `object_banner`, `object_img`) VALUES (27, '1708619395054', '机械革命 耀系列游戏手柄', '机械革命 耀系列游戏手柄有线无线三模宏编程电脑版电视switch NS Steam安卓苹果怪物猎人原神 Xbox结构手柄', 129, 109, '品牌：MECHREVO/机械革命型号：耀游戏手柄有无线：有\n接口类型：其他/other颜色分类：耀·C310有线游戏手柄 耀·C510三模游戏手柄 耀·C550三模双霍尔游戏手柄\n手柄特性：震动适用对象：其他上市时间：2022-12-25', 18, 'http://localhost:8898/1708619395054_/image/G1FUMj2Ps4TuHdtgqlUNQe4nJ1708619782212.jpg,http://localhost:8898/1708619395054_/image/oQasgatt1T7PMovmJN4j8VyHG1708619782212.jpg,http://localhost:8898/1708619395054_/image/evcoHAmkQkh4tkinAj51By9KV1708619782212.jpg', 2, '2024-02-23', 5, 3, 'http://localhost:8898/1708619395054_/banner/fTr0RlNvGcSehkT4wcxT7A8Dt1708619926006.jpg', 'http://localhost:8898/1708619395054_/info/T2K138rcn7oZJntqXbwNBGdC21708619937434.jpg,http://localhost:8898/1708619395054_/info/SZyhJIMqtAMst0uodHiBI6R6z1708619937438.jpg,http://localhost:8898/1708619395054_/info/CPYiAzyYdgLIGB5cpKElF6vXy1708619937434.jpg,http://localhost:8898/1708619395054_/info/uHPLEv4UgsBmBsu81q6C15o0j1708619937438.jpg,http://localhost:8898/1708619395054_/info/zt84CE0kKVlZxNCC1PBwDC62K1708619937435.jpg,http://localhost:8898/1708619395054_/info/j2lQLalfhEgni9e2CXtdHyL6Y1708619937442.jpg,http://localhost:8898/1708619395054_/info/k4aT0H3V26K27TB4B6Re8g2zG1708619937462.jpg');
INSERT INTO `trantal_object` (`object_id`, `object_uuid`, `object_name`, `object_title`, `object_oldprice`, `object_price`, `object_info`, `object_cout`, `object_image`, `object_status`, `object_time`, `object_classes`, `user_id`, `object_banner`, `object_img`) VALUES (28, '1708620925348', '机械革命 耀系机械键盘', '机械革命 耀系有线机械键盘鼠标电竞游戏办公学生104键青红茶轴', 126, 109, '品牌：MECHREVO/机械革命型号：耀材质：金属\n成色：全新售后服务：店铺三包连接方式：USB USB接口\n颜色分类：【耀·K330】白蓝色丨混彩背光 【耀·K330】蓝白色丨混彩背光 【耀·K330】白粉色丨混彩背光 【耀·K330】粉白色丨混彩背光 ——————键鼠套装区—————— 【耀·K330】白蓝色+耀·M330有线鼠标 【耀·K330】蓝白色+耀·M330有线鼠标 【耀·K330】白蓝色+耀·M710双模鼠标 【耀·K330】蓝白色+耀·M710双模鼠标\n是否机械键盘：机械键盘上市时间：2022-12-01轴体名称：青轴 红轴 茶轴', 30, 'http://localhost:8898/1708620925348_/image/NafYyoNQhNft7BKmpVCTcz9L11708655879147.jpg,http://localhost:8898/1708620925348_/image/wDqcfA67m0q1vvxB6vAbwXBQa1708655879147.jpg,http://localhost:8898/1708620925348_/image/Je8EenN9K6YZLDDQ1jpd5blaA1708655879147.jpg,http://localhost:8898/1708620925348_/image/1zEoy6ipuYuLpKtf7Ot9IQH5O1708655879147.jpg,http://localhost:8898/1708620925348_/image/UtQCU4QexzOOsS0jwXaEsjcCf1708655879147.jpg', 1, '2024-02-23', 3, 3, 'http://localhost:8898/1708620925348_/banner/1UrqFPXmF7jQLMJmfSmPIyRg11708655884352.jpg', 'http://localhost:8898/1708620925348_/info/7ch1c52b7CfwKKGTrLv4uBdgA1708655890959.jpg,http://localhost:8898/1708620925348_/info/WTdWqA7uoZwBrMzUH3cenYIlS1708655890960.jpg,http://localhost:8898/1708620925348_/info/loLql7o4KBnHmAhtbfxx8iUwe1708655890962.jpg,http://localhost:8898/1708620925348_/info/OwlPVrnZqRgD3z0dh9SIOWoJC1708655890962.jpg,http://localhost:8898/1708620925348_/info/2CkuToYfYlIvH5MgErt97EiDM1708655890961.jpg,http://localhost:8898/1708620925348_/info/57UA1XN6LWJk9LgX3nShtur301708655890963.jpg,http://localhost:8898/1708620925348_/info/ZO5gxDkpnLY3hyaRcf6tfnp4Y1708655890970.jpg,http://localhost:8898/1708620925348_/info/dIvpWSFcGMeGSFPPJg1vcnyTL1708655890971.jpg,http://localhost:8898/1708620925348_/info/wGRsHVquLagSXQK51EABIPzUO1708655890971.jpg,http://localhost:8898/1708620925348_/info/ab8GJfhKzSm6vj7niaaICeJl41708655890970.jpg');
INSERT INTO `trantal_object` (`object_id`, `object_uuid`, `object_name`, `object_title`, `object_oldprice`, `object_price`, `object_info`, `object_cout`, `object_image`, `object_status`, `object_time`, `object_classes`, `user_id`, `object_banner`, `object_img`) VALUES (29, '1708620925348', '耀系机械键盘青轴', '机械革命 耀系有线机械键盘鼠标电竞游戏办公学生104键青红茶轴', 126, 109, '品牌：MECHREVO/机械革命型号：耀材质：金属\n成色：全新售后服务：店铺三包连接方式：USB USB接口\n颜色分类：【耀·K330】白蓝色丨混彩背光 【耀·K330】蓝白色丨混彩背光 【耀·K330】白粉色丨混彩背光 【耀·K330】粉白色丨混彩背光 ——————键鼠套装区—————— 【耀·K330】白蓝色+耀·M330有线鼠标 【耀·K330】蓝白色+耀·M330有线鼠标 【耀·K330】白蓝色+耀·M710双模鼠标 【耀·K330】蓝白色+耀·M710双模鼠标\n是否机械键盘：机械键盘上市时间：2022-12-01轴体名称：青轴 红轴 茶轴', 30, 'http://localhost:8898/1708620925348_/image/NafYyoNQhNft7BKmpVCTcz9L11708655879147.jpg,http://localhost:8898/1708620925348_/image/wDqcfA67m0q1vvxB6vAbwXBQa1708655879147.jpg,http://localhost:8898/1708620925348_/image/Je8EenN9K6YZLDDQ1jpd5blaA1708655879147.jpg,http://localhost:8898/1708620925348_/image/1zEoy6ipuYuLpKtf7Ot9IQH5O1708655879147.jpg,http://localhost:8898/1708620925348_/image/UtQCU4QexzOOsS0jwXaEsjcCf1708655879147.jpg', 1, '2024-02-23', 3, 3, 'http://localhost:8898/1708620925348_/banner/1UrqFPXmF7jQLMJmfSmPIyRg11708655884352.jpg', 'http://localhost:8898/1708620925348_/info/7ch1c52b7CfwKKGTrLv4uBdgA1708655890959.jpg,http://localhost:8898/1708620925348_/info/WTdWqA7uoZwBrMzUH3cenYIlS1708655890960.jpg,http://localhost:8898/1708620925348_/info/loLql7o4KBnHmAhtbfxx8iUwe1708655890962.jpg,http://localhost:8898/1708620925348_/info/OwlPVrnZqRgD3z0dh9SIOWoJC1708655890962.jpg,http://localhost:8898/1708620925348_/info/2CkuToYfYlIvH5MgErt97EiDM1708655890961.jpg,http://localhost:8898/1708620925348_/info/57UA1XN6LWJk9LgX3nShtur301708655890963.jpg,http://localhost:8898/1708620925348_/info/ZO5gxDkpnLY3hyaRcf6tfnp4Y1708655890970.jpg,http://localhost:8898/1708620925348_/info/dIvpWSFcGMeGSFPPJg1vcnyTL1708655890971.jpg,http://localhost:8898/1708620925348_/info/wGRsHVquLagSXQK51EABIPzUO1708655890971.jpg,http://localhost:8898/1708620925348_/info/ab8GJfhKzSm6vj7niaaICeJl41708655890970.jpg');
INSERT INTO `trantal_object` (`object_id`, `object_uuid`, `object_name`, `object_title`, `object_oldprice`, `object_price`, `object_info`, `object_cout`, `object_image`, `object_status`, `object_time`, `object_classes`, `user_id`, `object_banner`, `object_img`) VALUES (30, '1708620925348', '耀系机械键盘红轴', '机械革命 耀系有线机械键盘鼠标电竞游戏办公学生104键青红茶轴', 126, 109, '品牌：MECHREVO/机械革命型号：耀材质：金属\n成色：全新售后服务：店铺三包连接方式：USB USB接口\n颜色分类：【耀·K330】白蓝色丨混彩背光 【耀·K330】蓝白色丨混彩背光 【耀·K330】白粉色丨混彩背光 【耀·K330】粉白色丨混彩背光 ——————键鼠套装区—————— 【耀·K330】白蓝色+耀·M330有线鼠标 【耀·K330】蓝白色+耀·M330有线鼠标 【耀·K330】白蓝色+耀·M710双模鼠标 【耀·K330】蓝白色+耀·M710双模鼠标\n是否机械键盘：机械键盘上市时间：2022-12-01轴体名称：青轴 红轴 茶轴', 30, 'http://localhost:8898/1708620925348_/image/NafYyoNQhNft7BKmpVCTcz9L11708655879147.jpg,http://localhost:8898/1708620925348_/image/wDqcfA67m0q1vvxB6vAbwXBQa1708655879147.jpg,http://localhost:8898/1708620925348_/image/Je8EenN9K6YZLDDQ1jpd5blaA1708655879147.jpg,http://localhost:8898/1708620925348_/image/1zEoy6ipuYuLpKtf7Ot9IQH5O1708655879147.jpg,http://localhost:8898/1708620925348_/image/UtQCU4QexzOOsS0jwXaEsjcCf1708655879147.jpg', 1, '2024-02-23', 3, 3, 'http://localhost:8898/1708620925348_/banner/1UrqFPXmF7jQLMJmfSmPIyRg11708655884352.jpg', 'http://localhost:8898/1708620925348_/info/7ch1c52b7CfwKKGTrLv4uBdgA1708655890959.jpg,http://localhost:8898/1708620925348_/info/WTdWqA7uoZwBrMzUH3cenYIlS1708655890960.jpg,http://localhost:8898/1708620925348_/info/loLql7o4KBnHmAhtbfxx8iUwe1708655890962.jpg,http://localhost:8898/1708620925348_/info/OwlPVrnZqRgD3z0dh9SIOWoJC1708655890962.jpg,http://localhost:8898/1708620925348_/info/2CkuToYfYlIvH5MgErt97EiDM1708655890961.jpg,http://localhost:8898/1708620925348_/info/57UA1XN6LWJk9LgX3nShtur301708655890963.jpg,http://localhost:8898/1708620925348_/info/ZO5gxDkpnLY3hyaRcf6tfnp4Y1708655890970.jpg,http://localhost:8898/1708620925348_/info/dIvpWSFcGMeGSFPPJg1vcnyTL1708655890971.jpg,http://localhost:8898/1708620925348_/info/wGRsHVquLagSXQK51EABIPzUO1708655890971.jpg,http://localhost:8898/1708620925348_/info/ab8GJfhKzSm6vj7niaaICeJl41708655890970.jpg');
INSERT INTO `trantal_object` (`object_id`, `object_uuid`, `object_name`, `object_title`, `object_oldprice`, `object_price`, `object_info`, `object_cout`, `object_image`, `object_status`, `object_time`, `object_classes`, `user_id`, `object_banner`, `object_img`) VALUES (31, '1708620925348', '耀系机械键盘茶轴', '机械革命 耀系有线机械键盘鼠标电竞游戏办公学生104键青红茶轴', 126, 109, '品牌：MECHREVO/机械革命型号：耀材质：金属\n成色：全新售后服务：店铺三包连接方式：USB USB接口\n颜色分类：【耀·K330】白蓝色丨混彩背光 【耀·K330】蓝白色丨混彩背光 【耀·K330】白粉色丨混彩背光 【耀·K330】粉白色丨混彩背光 ——————键鼠套装区—————— 【耀·K330】白蓝色+耀·M330有线鼠标 【耀·K330】蓝白色+耀·M330有线鼠标 【耀·K330】白蓝色+耀·M710双模鼠标 【耀·K330】蓝白色+耀·M710双模鼠标\n是否机械键盘：机械键盘上市时间：2022-12-01轴体名称：青轴 红轴 茶轴', 24, 'http://localhost:8898/1708620925348_/image/NafYyoNQhNft7BKmpVCTcz9L11708655879147.jpg,http://localhost:8898/1708620925348_/image/wDqcfA67m0q1vvxB6vAbwXBQa1708655879147.jpg,http://localhost:8898/1708620925348_/image/Je8EenN9K6YZLDDQ1jpd5blaA1708655879147.jpg,http://localhost:8898/1708620925348_/image/1zEoy6ipuYuLpKtf7Ot9IQH5O1708655879147.jpg,http://localhost:8898/1708620925348_/image/UtQCU4QexzOOsS0jwXaEsjcCf1708655879147.jpg', 1, '2024-02-23', 3, 3, 'http://localhost:8898/1708620925348_/banner/1UrqFPXmF7jQLMJmfSmPIyRg11708655884352.jpg', 'http://localhost:8898/1708620925348_/info/7ch1c52b7CfwKKGTrLv4uBdgA1708655890959.jpg,http://localhost:8898/1708620925348_/info/WTdWqA7uoZwBrMzUH3cenYIlS1708655890960.jpg,http://localhost:8898/1708620925348_/info/loLql7o4KBnHmAhtbfxx8iUwe1708655890962.jpg,http://localhost:8898/1708620925348_/info/OwlPVrnZqRgD3z0dh9SIOWoJC1708655890962.jpg,http://localhost:8898/1708620925348_/info/2CkuToYfYlIvH5MgErt97EiDM1708655890961.jpg,http://localhost:8898/1708620925348_/info/57UA1XN6LWJk9LgX3nShtur301708655890963.jpg,http://localhost:8898/1708620925348_/info/ZO5gxDkpnLY3hyaRcf6tfnp4Y1708655890970.jpg,http://localhost:8898/1708620925348_/info/dIvpWSFcGMeGSFPPJg1vcnyTL1708655890971.jpg,http://localhost:8898/1708620925348_/info/wGRsHVquLagSXQK51EABIPzUO1708655890971.jpg,http://localhost:8898/1708620925348_/info/ab8GJfhKzSm6vj7niaaICeJl41708655890970.jpg');
INSERT INTO `trantal_object` (`object_id`, `object_uuid`, `object_name`, `object_title`, `object_oldprice`, `object_price`, `object_info`, `object_cout`, `object_image`, `object_status`, `object_time`, `object_classes`, `user_id`, `object_banner`, `object_img`) VALUES (32, '1708657602353', 'MECHREVO双肩包', '机械革命（MECHREVO） 双肩包 黑白骑士通勤双肩包 适用14.0/15.6/16.0/17.0/17.3英寸笔记本电脑书包时尚', 243, 199, '品牌：MECHREVO/机械革命风格：欧美尺寸：16.0英寸\n颜色分类：黑白骑士双肩包 通勤双肩包生产企业：同方股份有限公司款式：双肩', 200, 'http://localhost:8898/1708657602353_/image/BCk7RAa05bbMxKAhna7MTGE2F1708657702064.jpg,http://localhost:8898/1708657602353_/image/QOkiTjvTiDc520cViEwmyg6dt1708657715719.jpg,http://localhost:8898/1708657602353_/image/wsetDmHSQKF0GqBiiaSEtdD5E1708657715724.jpg,http://localhost:8898/1708657602353_/image/JgBFwHuWGXxTApLqBWB3kYGUm1708657715724.jpg,http://localhost:8898/1708657602353_/image/fntSLbHiooAfy5Z9ecSUtYFcL1708657715722.jpg,http://localhost:8898/1708657602353_/image/3FHPDhzqMn4wfrepXxPfYvcd81708657715729.jpg', 1, '2024-02-22', 8, 3, 'http://localhost:8898/1708657602353_/banner/64SUWX83vT3O762bkDRnVQMqN1708657711199.jpg', 'http://localhost:8898/1708657602353_/info/TKqLqbDK0IKCTCchYZOSnOksU1708657768181.jpg,http://localhost:8898/1708657602353_/info/6HkE6aqjU5RHnFLJVFAKbBecg1708657768181.jpg,http://localhost:8898/1708657602353_/info/Q96pQRlRNbhIJFuAlUHsMJQg41708657768181.jpg,http://localhost:8898/1708657602353_/info/WeSFK84Ecz43YH4Y8IdKg10ph1708657768181.jpg,http://localhost:8898/1708657602353_/info/WDZXrNOnW394y1U4Jvpqs7lAv1708657768181.jpg,http://localhost:8898/1708657602353_/info/rMli2WHhr8Lgan6y4F6Uwoa9d1708657768181.jpg,http://localhost:8898/1708657602353_/info/GNOC7gWtaY9OsOYESR3Uq6KMY1708657768190.jpg,http://localhost:8898/1708657602353_/info/AogtBd2zNjph7zuA3rRNYVK1D1708657768189.jpg,http://localhost:8898/1708657602353_/info/gmrjrSr3oSKzWaKr8TEnZFJSm1708657768190.jpg,http://localhost:8898/1708657602353_/info/KQz7XO4rhl1cJZQ9X862743DJ1708657768190.jpg');
INSERT INTO `trantal_object` (`object_id`, `object_uuid`, `object_name`, `object_title`, `object_oldprice`, `object_price`, `object_info`, `object_cout`, `object_image`, `object_status`, `object_time`, `object_classes`, `user_id`, `object_banner`, `object_img`) VALUES (33, '1708657602353', 'MECHREVO双肩包', '机械革命（MECHREVO） 双肩包 黑白骑士通勤双肩包 适用14.0/15.6/16.0/17.0/17.3英寸笔记本电脑书包时尚', 243, 199, '品牌：MECHREVO/机械革命风格：欧美尺寸：17.3英寸\n颜色分类：黑白骑士双肩包 通勤双肩包生产企业：同方股份有限公司款式：双肩', 200, 'http://localhost:8898/1708657602353_/image/BCk7RAa05bbMxKAhna7MTGE2F1708657702064.jpg,http://localhost:8898/1708657602353_/image/QOkiTjvTiDc520cViEwmyg6dt1708657715719.jpg,http://localhost:8898/1708657602353_/image/wsetDmHSQKF0GqBiiaSEtdD5E1708657715724.jpg,http://localhost:8898/1708657602353_/image/JgBFwHuWGXxTApLqBWB3kYGUm1708657715724.jpg,http://localhost:8898/1708657602353_/image/fntSLbHiooAfy5Z9ecSUtYFcL1708657715722.jpg,http://localhost:8898/1708657602353_/image/3FHPDhzqMn4wfrepXxPfYvcd81708657715729.jpg', 1, '2024-02-23', 8, 3, 'http://localhost:8898/1708657602353_/banner/64SUWX83vT3O762bkDRnVQMqN1708657711199.jpg', 'http://localhost:8898/1708657602353_/info/TKqLqbDK0IKCTCchYZOSnOksU1708657768181.jpg,http://localhost:8898/1708657602353_/info/6HkE6aqjU5RHnFLJVFAKbBecg1708657768181.jpg,http://localhost:8898/1708657602353_/info/Q96pQRlRNbhIJFuAlUHsMJQg41708657768181.jpg,http://localhost:8898/1708657602353_/info/WeSFK84Ecz43YH4Y8IdKg10ph1708657768181.jpg,http://localhost:8898/1708657602353_/info/WDZXrNOnW394y1U4Jvpqs7lAv1708657768181.jpg,http://localhost:8898/1708657602353_/info/rMli2WHhr8Lgan6y4F6Uwoa9d1708657768181.jpg,http://localhost:8898/1708657602353_/info/GNOC7gWtaY9OsOYESR3Uq6KMY1708657768190.jpg,http://localhost:8898/1708657602353_/info/AogtBd2zNjph7zuA3rRNYVK1D1708657768189.jpg,http://localhost:8898/1708657602353_/info/gmrjrSr3oSKzWaKr8TEnZFJSm1708657768190.jpg,http://localhost:8898/1708657602353_/info/KQz7XO4rhl1cJZQ9X862743DJ1708657768190.jpg');
INSERT INTO `trantal_object` (`object_id`, `object_uuid`, `object_name`, `object_title`, `object_oldprice`, `object_price`, `object_info`, `object_cout`, `object_image`, `object_status`, `object_time`, `object_classes`, `user_id`, `object_banner`, `object_img`) VALUES (34, '1708698774420', '荣耀Magic6', '荣耀Magic6 单反级荣耀鹰眼相机 荣耀巨犀玻璃 第二代青海湖电池 12GB+256GB 海湖青 5G AI手机', 4399, 4399, '商品名称：荣耀Magic6 系列商品编号：100080153863商品毛重：0.55kg商品产地：中国大陆CPU型号：第三代骁龙8运行内存：12GB机身颜色：海湖青充电功率：50-79W支持IPv6：支持IPv6屏幕材质：OLED曲面屏后摄主像素：5000万像素机身内存：256GB', 20, 'http://localhost:8898/1708698774420_/image/BH8v06eoNgGxAe8ULtNf3v3cc1708699329686.jpg,http://localhost:8898/1708698774420_/image/YpXCWBmG0yG4FydRBdtPlK9rY1708699350810.jpg,http://localhost:8898/1708698774420_/image/1LAGSbzDBCIFwQ3MWk3uvovNe1708699350810.jpg,http://localhost:8898/1708698774420_/image/WCpV4vqqMsTkybOCGPkUFJaWs1708699350813.jpg,http://localhost:8898/1708698774420_/image/OIrR8gnHBGaaxEX2JVBs3JbzP1708699350816.jpg', 1, '2024-02-23', 4, 35, 'http://localhost:8898/1708698774420_/banner/1mFbKbeNYzHoifnTzznvpF3DR1708699336150.jpg', 'http://localhost:8898/1708698774420_/info/EZ0qpWdlr0gzH3PZX0YNfQwjJ1708699358635.jpg,http://localhost:8898/1708698774420_/info/RR1b2rYR5yrHyLscc8L7r7yLO1708699358635.jpg,http://localhost:8898/1708698774420_/info/pJcrizClmUfJtIovBaVKBYwLf1708699358635.jpg,http://localhost:8898/1708698774420_/info/kKNccoOUJuGeDH93ebjS9cDo31708699358635.jpg,http://localhost:8898/1708698774420_/info/cFsAYvP2I5XocHONwo5wbTMxw1708699358637.jpg');
INSERT INTO `trantal_object` (`object_id`, `object_uuid`, `object_name`, `object_title`, `object_oldprice`, `object_price`, `object_info`, `object_cout`, `object_image`, `object_status`, `object_time`, `object_classes`, `user_id`, `object_banner`, `object_img`) VALUES (35, '1708698774420', '荣耀Magic6', '荣耀Magic6 单反级荣耀鹰眼相机 荣耀巨犀玻璃 第二代青海湖电池 12GB+256GB 海湖青 5G AI手机', 4699, 4699, '商品名称：荣耀Magic6 系列商品编号：100080153863商品毛重：0.55kg商品产地：中国大陆CPU型号：第三代骁龙8运行内存：16GB机身颜色：海湖青充电功率：50-79W支持IPv6：支持IPv6屏幕材质：OLED曲面屏后摄主像素：5000万像素机身内存：512GB', 20, 'http://localhost:8898/1708698774420_/image/BH8v06eoNgGxAe8ULtNf3v3cc1708699329686.jpg,http://localhost:8898/1708698774420_/image/YpXCWBmG0yG4FydRBdtPlK9rY1708699350810.jpg,http://localhost:8898/1708698774420_/image/1LAGSbzDBCIFwQ3MWk3uvovNe1708699350810.jpg,http://localhost:8898/1708698774420_/image/WCpV4vqqMsTkybOCGPkUFJaWs1708699350813.jpg,http://localhost:8898/1708698774420_/image/OIrR8gnHBGaaxEX2JVBs3JbzP1708699350816.jpg', 1, '2024-02-23', 4, 35, 'http://localhost:8898/1708698774420_/banner/1mFbKbeNYzHoifnTzznvpF3DR1708699336150.jpg', 'http://localhost:8898/1708698774420_/info/EZ0qpWdlr0gzH3PZX0YNfQwjJ1708699358635.jpg,http://localhost:8898/1708698774420_/info/RR1b2rYR5yrHyLscc8L7r7yLO1708699358635.jpg,http://localhost:8898/1708698774420_/info/pJcrizClmUfJtIovBaVKBYwLf1708699358635.jpg,http://localhost:8898/1708698774420_/info/kKNccoOUJuGeDH93ebjS9cDo31708699358635.jpg,http://localhost:8898/1708698774420_/info/cFsAYvP2I5XocHONwo5wbTMxw1708699358637.jpg');
INSERT INTO `trantal_object` (`object_id`, `object_uuid`, `object_name`, `object_title`, `object_oldprice`, `object_price`, `object_info`, `object_cout`, `object_image`, `object_status`, `object_time`, `object_classes`, `user_id`, `object_banner`, `object_img`) VALUES (36, '1708698774420', '荣耀Magic6', '荣耀Magic6 单反级荣耀鹰眼相机 荣耀巨犀玻璃 第二代青海湖电池 12GB+256GB 海湖青 5G AI手机', 4999, 4699, '商品名称：荣耀Magic6 系列商品编号：100080153863商品毛重：0.55kg商品产地：中国大陆CPU型号：第三代骁龙8运行内存：18GB机身颜色：海湖青充电功率：50-79W支持IPv6：支持IPv6屏幕材质：OLED曲面屏后摄主像素：5000万像素机身内存：1024GB', 20, 'http://localhost:8898/1708698774420_/image/BH8v06eoNgGxAe8ULtNf3v3cc1708699329686.jpg,http://localhost:8898/1708698774420_/image/YpXCWBmG0yG4FydRBdtPlK9rY1708699350810.jpg,http://localhost:8898/1708698774420_/image/1LAGSbzDBCIFwQ3MWk3uvovNe1708699350810.jpg,http://localhost:8898/1708698774420_/image/WCpV4vqqMsTkybOCGPkUFJaWs1708699350813.jpg,http://localhost:8898/1708698774420_/image/OIrR8gnHBGaaxEX2JVBs3JbzP1708699350816.jpg', 1, '2024-02-23', 4, 35, 'http://localhost:8898/1708698774420_/banner/1mFbKbeNYzHoifnTzznvpF3DR1708699336150.jpg', 'http://localhost:8898/1708698774420_/info/EZ0qpWdlr0gzH3PZX0YNfQwjJ1708699358635.jpg,http://localhost:8898/1708698774420_/info/RR1b2rYR5yrHyLscc8L7r7yLO1708699358635.jpg,http://localhost:8898/1708698774420_/info/pJcrizClmUfJtIovBaVKBYwLf1708699358635.jpg,http://localhost:8898/1708698774420_/info/kKNccoOUJuGeDH93ebjS9cDo31708699358635.jpg,http://localhost:8898/1708698774420_/info/cFsAYvP2I5XocHONwo5wbTMxw1708699358637.jpg');
INSERT INTO `trantal_object` (`object_id`, `object_uuid`, `object_name`, `object_title`, `object_oldprice`, `object_price`, `object_info`, `object_cout`, `object_image`, `object_status`, `object_time`, `object_classes`, `user_id`, `object_banner`, `object_img`) VALUES (37, '1708699870680', '荣耀90 GT', '荣耀90 GT 第二代骁龙8旗舰芯 超凡帧画引擎 荣耀绿洲护眼屏 5000mAh轻薄长续航 OIS 12+256 GT蓝 5G直屏', 2899, 2599, '商品名称：荣耀90 GT商品编号：100081538622商品毛重：0.53kg商品产地：中国大陆CPU型号：第二代骁龙8运行内存：12GB机身颜色：GT蓝充电功率：80-119W支持IPv6：支持IPv6屏幕材质：OLED直屏后摄主像素：5000万像素特征特质：NFC，红外遥控，大底主摄屏幕分辨率：FHD+机身色系：蓝色系风格：大气，科技，时尚机身内存：256GB', 30, 'http://localhost:8898/1708699870680_/image/4k5GJLfONHesAgw4H1pHE8ygY1708699970246.jpg,http://localhost:8898/1708699870680_/image/4b7iA5H1u3tXZNn70DkmkjoMd1708699975190.jpg,http://localhost:8898/1708699870680_/image/zw5E9Mgbl9xiaZ6ecQTjDcAES1708699975192.jpg,http://localhost:8898/1708699870680_/image/0GwoiKkRzqclrfDzH5UEV3Uq91708699975189.jpg', 1, '2024-02-14', 4, 35, 'http://localhost:8898/1708699870680_/banner/58dphOe3Rk1JDjIL1F5OulMis1708704475898.jpg', 'http://localhost:8898/1708699870680_/info/VSa2pOGWCQie6SHGvd3sPv5wA1708699989914.jpg,http://localhost:8898/1708699870680_/info/UeSYxSO2vr5rtbV8Yn400WzBw1708699989922.jpg,http://localhost:8898/1708699870680_/info/OZ5tWHQYhFTl117t10ejAgeLL1708699989921.jpg,http://localhost:8898/1708699870680_/info/Mhmp9LcBtEyfdUgYZfHwcBQWb1708699989923.jpg,http://localhost:8898/1708699870680_/info/VlaAQTiPb9cLzyJSy9h9ruabG1708699989924.jpg,http://localhost:8898/1708699870680_/info/H25jvBD7KWA3lQgPQrhF1K5YS1708699989925.jpg,http://localhost:8898/1708699870680_/info/Y2ya19VqMB5lhv3UmNYKHeSFv1708699989955.jpg,http://localhost:8898/1708699870680_/info/YjQJyBo8ti2EkIAOIff1kn9Af1708699989956.jpg');
INSERT INTO `trantal_object` (`object_id`, `object_uuid`, `object_name`, `object_title`, `object_oldprice`, `object_price`, `object_info`, `object_cout`, `object_image`, `object_status`, `object_time`, `object_classes`, `user_id`, `object_banner`, `object_img`) VALUES (38, '1708699870680', '荣耀90 GT', '荣耀90 GT 第二代骁龙8旗舰芯 超凡帧画引擎 荣耀绿洲护眼屏 5000mAh轻薄长续航 OIS 12+512 GT蓝 5G直屏', 3199, 2899, '商品名称：荣耀90 GT商品编号：100081538622商品毛重：0.53kg商品产地：中国大陆CPU型号：第二代骁龙8运行内存：12GB机身颜色：GT蓝充电功率：80-119W支持IPv6：支持IPv6屏幕材质：OLED直屏后摄主像素：5000万像素特征特质：NFC，红外遥控，大底主摄屏幕分辨率：FHD+机身色系：蓝色系风格：大气，科技，时尚机身内存：256GB', 30, 'http://localhost:8898/1708699870680_/image/4k5GJLfONHesAgw4H1pHE8ygY1708699970246.jpg,http://localhost:8898/1708699870680_/image/p25740eOVFRRKUeEmCex8m1qx1708699975189.jpg,http://localhost:8898/1708699870680_/image/4b7iA5H1u3tXZNn70DkmkjoMd1708699975190.jpg,http://localhost:8898/1708699870680_/image/zw5E9Mgbl9xiaZ6ecQTjDcAES1708699975192.jpg,http://localhost:8898/1708699870680_/image/0GwoiKkRzqclrfDzH5UEV3Uq91708699975189.jpg', 1, '2024-02-22', 4, 35, 'http://localhost:8898/1708699870680_/banner/ZOOqiQHzCxIDRRGjdnOGL6RDN1708704571435.jpg', 'http://localhost:8898/1708699870680_/info/VSa2pOGWCQie6SHGvd3sPv5wA1708699989914.jpg,http://localhost:8898/1708699870680_/info/UeSYxSO2vr5rtbV8Yn400WzBw1708699989922.jpg,http://localhost:8898/1708699870680_/info/OZ5tWHQYhFTl117t10ejAgeLL1708699989921.jpg,http://localhost:8898/1708699870680_/info/Mhmp9LcBtEyfdUgYZfHwcBQWb1708699989923.jpg,http://localhost:8898/1708699870680_/info/VlaAQTiPb9cLzyJSy9h9ruabG1708699989924.jpg,http://localhost:8898/1708699870680_/info/H25jvBD7KWA3lQgPQrhF1K5YS1708699989925.jpg,http://localhost:8898/1708699870680_/info/Y2ya19VqMB5lhv3UmNYKHeSFv1708699989955.jpg,http://localhost:8898/1708699870680_/info/YjQJyBo8ti2EkIAOIff1kn9Af1708699989956.jpg');
INSERT INTO `trantal_object` (`object_id`, `object_uuid`, `object_name`, `object_title`, `object_oldprice`, `object_price`, `object_info`, `object_cout`, `object_image`, `object_status`, `object_time`, `object_classes`, `user_id`, `object_banner`, `object_img`) VALUES (39, '1708699870680', '荣耀90 GT', '荣耀90 GT 第二代骁龙8旗舰芯 超凡帧画引擎 荣耀绿洲护眼屏 5000mAh轻薄长续航 OIS 16+512 GT蓝 5G直屏', 3399, 3099, '商品名称：荣耀90 GT商品编号：100081538622商品毛重：0.53kg商品产地：中国大陆CPU型号：第二代骁龙8运行内存：12GB机身颜色：GT蓝充电功率：80-119W支持IPv6：支持IPv6屏幕材质：OLED直屏后摄主像素：5000万像素特征特质：NFC，红外遥控，大底主摄屏幕分辨率：FHD+机身色系：蓝色系风格：大气，科技，时尚机身内存：256GB', 30, 'http://localhost:8898/1708699870680_/image/4k5GJLfONHesAgw4H1pHE8ygY1708699970246.jpg,http://localhost:8898/1708699870680_/image/p25740eOVFRRKUeEmCex8m1qx1708699975189.jpg,http://localhost:8898/1708699870680_/image/4b7iA5H1u3tXZNn70DkmkjoMd1708699975190.jpg,http://localhost:8898/1708699870680_/image/zw5E9Mgbl9xiaZ6ecQTjDcAES1708699975192.jpg,http://localhost:8898/1708699870680_/image/0GwoiKkRzqclrfDzH5UEV3Uq91708699975189.jpg', 1, '2024-02-20', 4, 35, 'http://localhost:8898/1708699870680_/banner/DawXeoU533wxJ9fNie7PptPZ81708704582839.jpg', 'http://localhost:8898/1708699870680_/info/VSa2pOGWCQie6SHGvd3sPv5wA1708699989914.jpg,http://localhost:8898/1708699870680_/info/UeSYxSO2vr5rtbV8Yn400WzBw1708699989922.jpg,http://localhost:8898/1708699870680_/info/OZ5tWHQYhFTl117t10ejAgeLL1708699989921.jpg,http://localhost:8898/1708699870680_/info/Mhmp9LcBtEyfdUgYZfHwcBQWb1708699989923.jpg,http://localhost:8898/1708699870680_/info/VlaAQTiPb9cLzyJSy9h9ruabG1708699989924.jpg,http://localhost:8898/1708699870680_/info/H25jvBD7KWA3lQgPQrhF1K5YS1708699989925.jpg,http://localhost:8898/1708699870680_/info/Y2ya19VqMB5lhv3UmNYKHeSFv1708699989955.jpg,http://localhost:8898/1708699870680_/info/YjQJyBo8ti2EkIAOIff1kn9Af1708699989956.jpg');
INSERT INTO `trantal_object` (`object_id`, `object_uuid`, `object_name`, `object_title`, `object_oldprice`, `object_price`, `object_info`, `object_cout`, `object_image`, `object_status`, `object_time`, `object_classes`, `user_id`, `object_banner`, `object_img`) VALUES (40, '1708705267909', '荣耀MagicBook X14', 'HONOR/荣耀MagicBook X14 14英寸笔记本电脑英特尔酷睿i5处理器 ', 3299, 3299, '品牌：honor/荣耀系列：MagicBook X 14型号：MagicBook X 14 2023\n内存容量：16GB硬盘容量：512GBCPU：英特尔 酷睿 i5-12450H\n屏幕比例：16:10显存容量：共享系统内存光驱类型：无光驱\n厚度：15.0mm(含)-18.0mm(不含)颜色分类：【14英寸】i5-12450H/16:10高色域屏/冰河银 【14英寸】i5-13420H/16:10护眼屏/冰河银', 39, 'http://localhost:8898/1708705267909_/image/HLJMFb1mT0YlbEeEVI31rTomz1708705338956.jpg,http://localhost:8898/1708705267909_/image/bTg1AMA3jjdchIiTEkM6uFCxC1708705346195.jpg,http://localhost:8898/1708705267909_/image/CSO3p0f0DRupYf53bFRqEAkSR1708705346199.jpg', 1, '2024-02-24', 2, 35, 'http://localhost:8898/1708705267909_/banner/VshuWOkto6sU8dV6bECkxjWxi1708705349783.jpg', 'http://localhost:8898/1708705267909_/info/ii7FDs4VheHyoFStoc4Ypes0Y1708705360664.jpg,http://localhost:8898/1708705267909_/info/5ZSAUKL95f13bDP3x58q8HhsB1708705360668.jpg,http://localhost:8898/1708705267909_/info/dZwQRe2ILVkfkBZs2KKffhIBc1708705360665.jpg,http://localhost:8898/1708705267909_/info/gxFvWnUQd8IgQ4u6zGchO5GZS1708705360665.jpg,http://localhost:8898/1708705267909_/info/RqxAo5lm0KI0FbV55rDWhrtsM1708705360676.jpg,http://localhost:8898/1708705267909_/info/Nsadi6m4zXnBhdYgjwHUMIKL11708705360676.jpg');
INSERT INTO `trantal_object` (`object_id`, `object_uuid`, `object_name`, `object_title`, `object_oldprice`, `object_price`, `object_info`, `object_cout`, `object_image`, `object_status`, `object_time`, `object_classes`, `user_id`, `object_banner`, `object_img`) VALUES (41, '1708705404852', '荣耀MagicBook X14', 'HONOR/荣耀MagicBook X14 14英寸笔记本电脑英特尔酷睿i5处理器 官方旗舰店官网正品', 3899, 3899, '品牌：honor/荣耀系列：MagicBook X 14型号：MagicBook X 14 2023\n内存容量：16GB硬盘容量：512GBCPU：英特尔 酷睿 i5-12450H\n屏幕比例：16:10显存容量：共享系统内存光驱类型：无光驱\n厚度：15.0mm(含)-18.0mm(不含)颜色分类：【14英寸】i5-12450H/16:10高色域屏/冰河银 【14英寸】i5-13420H/16:10护眼屏/冰河银', 20, 'http://localhost:8898/1708705404852_/image/lgc6s4dQZbcevz2WymHW3WnLM1708705483057.jpg,http://localhost:8898/1708705404852_/image/Qbxv4bwZMhb9lH3XCThQd09pu1708705483057.jpg,http://localhost:8898/1708705404852_/image/RPFEixMamrKAc6tlsEFXXU3nt1708705483057.jpg', 1, '2024-02-24', 2, 35, 'http://localhost:8898/1708705404852_/banner/SkqIQ3APqClFT92FOSMD26CnH1708705486765.jpg', 'http://localhost:8898/1708705404852_/info/LRksw2jibw1nfpkh3OFhcIf5W1708705492274.jpg,http://localhost:8898/1708705404852_/info/NxO4P3SRnenlFCYkC4pdXxJug1708705492274.jpg,http://localhost:8898/1708705404852_/info/Uj3IDTFqLvQWMA9XETTBZIfHV1708705492273.jpg,http://localhost:8898/1708705404852_/info/nM6ZuDtrrNzP27mXXGIyo01IU1708705492275.jpg,http://localhost:8898/1708705404852_/info/YeuR9cgDHKxLuNUbhH23sWi2b1708705492259.jpg,http://localhost:8898/1708705404852_/info/YwTPHiWvSY8DuQutO9s5NBSDx1708705492262.jpg');
INSERT INTO `trantal_object` (`object_id`, `object_uuid`, `object_name`, `object_title`, `object_oldprice`, `object_price`, `object_info`, `object_cout`, `object_image`, `object_status`, `object_time`, `object_classes`, `user_id`, `object_banner`, `object_img`) VALUES (42, '1708743133170', '强袭GE77HX', '微星（MSI）强袭GE77HX 17.3英寸游戏本 笔记本电脑(12代i7-12800HX 满血RTX3070Ti 32G 1TB 240Hz 2.5K电竞屏)', 15999, 13999, '商品名称：微星MS-17K5商品编号：100024527765商品毛重：6.21kg商品产地：中国大陆屏幕尺寸：17.3英寸系列：微星-泰坦系列屏幕色域：DCI-P3系统：Windows 11颜色：黑色特征特质：PCI-E高速固态硬盘，雷电接口，光线追踪技术屏幕刷新率：240Hz内存容量：32GB显卡类型：发烧级游戏光线追踪显卡显卡型号：RTX 3070Ti厚度：20.0mm以上固态硬盘（SSD）：1TB', 20, 'http://localhost:8898/1708743133170_/image/zQsY6pzk4axnL17H745vr94At1708745609615.jpg,http://localhost:8898/1708743133170_/image/dOGlv48fWS0nHmuSCZMNxJoNI1708745616257.jpg,http://localhost:8898/1708743133170_/image/rFlUKYumsiTEmnf0qLJZAotDK1708745616257.jpg', 1, '2024-02-24', 2, 37, 'http://localhost:8898/1708743133170_/banner/ocf454EK9nN7eJLQkuOYzb97X1708745622793.jpg', 'http://localhost:8898/1708743133170_/info/CCEZCSi7jf14o79l1Qqc7I0A91708745629090.jpg,http://localhost:8898/1708743133170_/info/ly5IjxMuaebzb2dLZDQACUqMT1708745629090.jpg,http://localhost:8898/1708743133170_/info/MgOeNCPVwp4xw5zgprLI8Ky9x1708745629090.jpg,http://localhost:8898/1708743133170_/info/0FvRjDxsGwnClnSeyBgAZFs6x1708745629097.jpg,http://localhost:8898/1708743133170_/info/CSxb0S1V8I78Tc7Qfmfi6Oqnz1708745629107.jpg,http://localhost:8898/1708743133170_/info/FBVMvOEstgApulKbngcJQxgGg1708745629096.jpg');
INSERT INTO `trantal_object` (`object_id`, `object_uuid`, `object_name`, `object_title`, `object_oldprice`, `object_price`, `object_info`, `object_cout`, `object_image`, `object_status`, `object_time`, `object_classes`, `user_id`, `object_banner`, `object_img`) VALUES (43, '1708752154781', '微星（MSI）泰坦18Ultra', '微星（MSI）泰坦18Ultra 2024 14代酷睿i9-14900HX 18英寸旗舰游戏笔记本电脑(64GB 4T RTX4090 4K MiniLED)', 41999, 39999, '商品名称：微星MS-1822商品编号：100086216808商品毛重：7.12kg商品产地：中国大陆屏幕尺寸：18英寸系列：微星-泰坦系列屏幕色域：DCI-P3颜色：黑色系统：Windows 11厚度：20.0mm以上特征特质：雷电接口，摄像头物理开关，光线追踪技术屏幕刷新率：120Hz内存容量：64GB显卡型号：RTX 4090', 30, 'http://localhost:8898/1708752154781_/image/cy968Lr80mcUe8Q8pGFUC2toL1708754093189.jpg,http://localhost:8898/1708752154781_/image/4Aci3Jc1XutXwoWloKS27KSlV1708754093189.jpg,http://localhost:8898/1708752154781_/image/m789fHRDFLwkvyACcsSsU54C41708754093193.jpg', 1, '2024-02-24', 2, 37, 'http://localhost:8898/1708752154781_/banner/uBzlaascTVslCvSITx5yooond1708754103941.jpg', 'http://localhost:8898/1708752154781_/info/wuwo2RwT5RUCLJaptD30losUt1708754108878.jpg,http://localhost:8898/1708752154781_/info/WBzhdClqkx0MuLS15kFfZ5ieP1708754113718.jpg,http://localhost:8898/1708752154781_/info/wBosJGV97aY4lcICw1vH5UtYu1708754113724.jpg,http://localhost:8898/1708752154781_/info/ugiVXSSHWyIaFiKRg8RTRSKEC1708754113724.jpg,http://localhost:8898/1708752154781_/info/7y5gs1iPq1zJ6CkUbvC3ayGAV1708754113724.jpg,http://localhost:8898/1708752154781_/info/OnWt70QGp8ddmABAXqe9GP1Bb1708754113726.jpg,http://localhost:8898/1708752154781_/info/dUubTePA6eI92UNQArhuIuusQ1708754113727.jpg');
INSERT INTO `trantal_object` (`object_id`, `object_uuid`, `object_name`, `object_title`, `object_oldprice`, `object_price`, `object_info`, `object_cout`, `object_image`, `object_status`, `object_time`, `object_classes`, `user_id`, `object_banner`, `object_img`) VALUES (44, '1708752154781', '微星（MSI）泰坦18Ultra', '微星（MSI）泰坦18Ultra 2024 14代酷睿i9-14900HX 18英寸旗舰游戏笔记本电脑(64GB 2T RTX4090 4K MiniLED)', 39999, 38999, '商品名称：微星MS-1822商品编号：100086216808商品毛重：7.12kg商品产地：中国大陆屏幕尺寸：18英寸系列：微星-泰坦系列屏幕色域：DCI-P3颜色：黑色系统：Windows 11厚度：20.0mm以上特征特质：雷电接口，摄像头物理开关，光线追踪技术屏幕刷新率：120Hz内存容量：64GB显卡型号：RTX 4090', 30, 'http://localhost:8898/1708752154781_/image/cy968Lr80mcUe8Q8pGFUC2toL1708754093189.jpg,http://localhost:8898/1708752154781_/image/4Aci3Jc1XutXwoWloKS27KSlV1708754093189.jpg,http://localhost:8898/1708752154781_/image/m789fHRDFLwkvyACcsSsU54C41708754093193.jpg', 1, '2024-02-24', 2, 37, 'http://localhost:8898/1708752154781_/banner/uBzlaascTVslCvSITx5yooond1708754103941.jpg', 'http://localhost:8898/1708752154781_/info/wuwo2RwT5RUCLJaptD30losUt1708754108878.jpg,http://localhost:8898/1708752154781_/info/WBzhdClqkx0MuLS15kFfZ5ieP1708754113718.jpg,http://localhost:8898/1708752154781_/info/wBosJGV97aY4lcICw1vH5UtYu1708754113724.jpg,http://localhost:8898/1708752154781_/info/ugiVXSSHWyIaFiKRg8RTRSKEC1708754113724.jpg,http://localhost:8898/1708752154781_/info/7y5gs1iPq1zJ6CkUbvC3ayGAV1708754113724.jpg,http://localhost:8898/1708752154781_/info/OnWt70QGp8ddmABAXqe9GP1Bb1708754113726.jpg,http://localhost:8898/1708752154781_/info/dUubTePA6eI92UNQArhuIuusQ1708754113727.jpg');
INSERT INTO `trantal_object` (`object_id`, `object_uuid`, `object_name`, `object_title`, `object_oldprice`, `object_price`, `object_info`, `object_cout`, `object_image`, `object_status`, `object_time`, `object_classes`, `user_id`, `object_banner`, `object_img`) VALUES (45, '1708752154781', '微星（MSI）泰坦18Ultra', '微星（MSI）泰坦18Ultra 2024 14代酷睿i9-14900HX 18英寸旗舰游戏笔记本电脑(32GB 1T RTX4090 4K MiniLED)', 37999, 35999, '商品名称：微星MS-1822商品编号：100086216808商品毛重：7.12kg商品产地：中国大陆屏幕尺寸：18英寸系列：微星-泰坦系列屏幕色域：DCI-P3颜色：黑色系统：Windows 11厚度：20.0mm以上特征特质：雷电接口，摄像头物理开关，光线追踪技术屏幕刷新率：120Hz内存容量：64GB显卡型号：RTX 4090', 30, 'http://localhost:8898/1708752154781_/image/cy968Lr80mcUe8Q8pGFUC2toL1708754093189.jpg,http://localhost:8898/1708752154781_/image/4Aci3Jc1XutXwoWloKS27KSlV1708754093189.jpg,http://localhost:8898/1708752154781_/image/m789fHRDFLwkvyACcsSsU54C41708754093193.jpg', 1, '2024-02-24', 2, 37, 'http://localhost:8898/1708752154781_/banner/uBzlaascTVslCvSITx5yooond1708754103941.jpg', 'http://localhost:8898/1708752154781_/info/wuwo2RwT5RUCLJaptD30losUt1708754108878.jpg,http://localhost:8898/1708752154781_/info/WBzhdClqkx0MuLS15kFfZ5ieP1708754113718.jpg,http://localhost:8898/1708752154781_/info/wBosJGV97aY4lcICw1vH5UtYu1708754113724.jpg,http://localhost:8898/1708752154781_/info/ugiVXSSHWyIaFiKRg8RTRSKEC1708754113724.jpg,http://localhost:8898/1708752154781_/info/7y5gs1iPq1zJ6CkUbvC3ayGAV1708754113724.jpg,http://localhost:8898/1708752154781_/info/OnWt70QGp8ddmABAXqe9GP1Bb1708754113726.jpg,http://localhost:8898/1708752154781_/info/dUubTePA6eI92UNQArhuIuusQ1708754113727.jpg');
INSERT INTO `trantal_object` (`object_id`, `object_uuid`, `object_name`, `object_title`, `object_oldprice`, `object_price`, `object_info`, `object_cout`, `object_image`, `object_status`, `object_time`, `object_classes`, `user_id`, `object_banner`, `object_img`) VALUES (46, '1714059665918', '机械革命水杯', '机械革命水杯', 49.9, 39.9, '该产品没有信息', 0, 'http://localhost:8898/1714059665918_/image/iYRoaLz1yxkZtVPwXdqEKPXiF1714059712887.jpg', 1, '2024-04-25', 11, 3, 'http://localhost:8898/1714059665918_/banner/kbcORvdA3gBGA0okx9Gx1rxny1714059716517.jpg', 'http://localhost:8898/1714059665918_/info/IUOa6tnAx6QtPrUwOTHlKfB4u1714059720221.jpg');
INSERT INTO `trantal_object` (`object_id`, `object_uuid`, `object_name`, `object_title`, `object_oldprice`, `object_price`, `object_info`, `object_cout`, `object_image`, `object_status`, `object_time`, `object_classes`, `user_id`, `object_banner`, `object_img`) VALUES (47, '1714059665918', '机械革命水杯', '机械革命水杯', 49.9, 39.9, '该产品没有信息', 0, 'http://localhost:8898/1714059665918_/image/iYRoaLz1yxkZtVPwXdqEKPXiF1714059712887.jpg', 1, '2024-04-25', 11, 3, 'http://localhost:8898/1714059665918_/banner/kbcORvdA3gBGA0okx9Gx1rxny1714059716517.jpg', 'http://localhost:8898/1714059665918_/info/IUOa6tnAx6QtPrUwOTHlKfB4u1714059720221.jpg');
COMMIT;

-- ----------------------------
-- Table structure for trantal_order
-- ----------------------------
DROP TABLE IF EXISTS `trantal_order`;
CREATE TABLE `trantal_order` (
  `order_id` int NOT NULL AUTO_INCREMENT COMMENT '订单ID',
  `order_uuid` varchar(24) NOT NULL COMMENT '订单编号',
  `user_id` int NOT NULL COMMENT '消费者ID',
  `object_id` int NOT NULL COMMENT '商品ID',
  `object_price` float NOT NULL COMMENT '商品售价',
  `order_cout` int NOT NULL COMMENT '商品总数',
  `order_cost` float NOT NULL COMMENT '订单消费金额',
  `order_info` varchar(255) DEFAULT NULL COMMENT '订单备注',
  `order_time` datetime NOT NULL COMMENT '下单时间',
  `order_track` varchar(50) DEFAULT NULL COMMENT '订单快递单号',
  `order_address` varchar(255) DEFAULT NULL COMMENT '订单地址',
  `order_name` varchar(255) DEFAULT NULL COMMENT '订单收件人姓名',
  `order_phone` varchar(255) DEFAULT NULL COMMENT '订单收件手机号',
  `order_status` int NOT NULL COMMENT '订单当前状态 0:待寄出\n1:寄出\n2:确认收货\n3:退货\n4.确认退货\n5.取消订单\n',
  PRIMARY KEY (`order_id`),
  KEY `order_object_id` (`object_id`),
  KEY `order_user_id` (`user_id`),
  CONSTRAINT `order_object_id` FOREIGN KEY (`object_id`) REFERENCES `trantal_object` (`object_id`) ON UPDATE RESTRICT,
  CONSTRAINT `order_user_id` FOREIGN KEY (`user_id`) REFERENCES `trantal_user` (`user_id`) ON UPDATE RESTRICT
) ENGINE=InnoDB AUTO_INCREMENT=38 DEFAULT CHARSET=utf8mb4 COLLATE=utf8mb4_0900_ai_ci;

-- ----------------------------
-- Records of trantal_order
-- ----------------------------
BEGIN;
INSERT INTO `trantal_order` (`order_id`, `order_uuid`, `user_id`, `object_id`, `object_price`, `order_cout`, `order_cost`, `order_info`, `order_time`, `order_track`, `order_address`, `order_name`, `order_phone`, `order_status`) VALUES (3, 'od1708275761104', 2, 24, 4299, 5, 21495, NULL, '2024-02-19 01:02:41', 'sf2342223424234324', '浙江省绍兴市上虞区百官街道', '陈特奥', '199999', 1);
INSERT INTO `trantal_order` (`order_id`, `order_uuid`, `user_id`, `object_id`, `object_price`, `order_cout`, `order_cost`, `order_info`, `order_time`, `order_track`, `order_address`, `order_name`, `order_phone`, `order_status`) VALUES (4, 'od1708275761104', 2, 25, 4599, 5, 22995, NULL, '2024-02-19 01:02:41', 'sf2342223424234324', '浙江省绍兴市上虞区百官街道', '陈特奥', '199999', 1);
INSERT INTO `trantal_order` (`order_id`, `order_uuid`, `user_id`, `object_id`, `object_price`, `order_cout`, `order_cost`, `order_info`, `order_time`, `order_track`, `order_address`, `order_name`, `order_phone`, `order_status`) VALUES (5, 'od1708350983343', 2, 24, 4299, 1, 4299, NULL, '2024-02-19 21:56:23', NULL, '浙江省绍兴市上虞区百官街道', '陈特奥', '199999', 0);
INSERT INTO `trantal_order` (`order_id`, `order_uuid`, `user_id`, `object_id`, `object_price`, `order_cout`, `order_cost`, `order_info`, `order_time`, `order_track`, `order_address`, `order_name`, `order_phone`, `order_status`) VALUES (6, 'od1708352955491', 2, 24, 4299, 1, 4299, NULL, '2024-02-19 22:29:15', NULL, '浙江省绍兴市上虞区百官街道', '陈特奥', '199999', 0);
INSERT INTO `trantal_order` (`order_id`, `order_uuid`, `user_id`, `object_id`, `object_price`, `order_cout`, `order_cost`, `order_info`, `order_time`, `order_track`, `order_address`, `order_name`, `order_phone`, `order_status`) VALUES (7, 'od1708484216779', 3, 23, 4299.99, 1, 4299.99, NULL, '2024-02-21 10:56:57', 'SF2343243241', '浙江省绍兴市上虞区百官街道', '陈特奥', '199999', 2);
INSERT INTO `trantal_order` (`order_id`, `order_uuid`, `user_id`, `object_id`, `object_price`, `order_cout`, `order_cost`, `order_info`, `order_time`, `order_track`, `order_address`, `order_name`, `order_phone`, `order_status`) VALUES (8, 'od1708484216779', 3, 25, 4599, 2, 9198, NULL, '2024-02-21 10:56:57', NULL, '浙江省绍兴市上虞区百官街道', '陈特奥', '199999', 0);
INSERT INTO `trantal_order` (`order_id`, `order_uuid`, `user_id`, `object_id`, `object_price`, `order_cout`, `order_cost`, `order_info`, `order_time`, `order_track`, `order_address`, `order_name`, `order_phone`, `order_status`) VALUES (9, 'od1708486230140', 3, 23, 4299.99, 1, 4299.99, NULL, '2024-02-21 11:30:30', NULL, '浙江省绍兴市上虞区百官街道', '陈特奥', '199999', 0);
INSERT INTO `trantal_order` (`order_id`, `order_uuid`, `user_id`, `object_id`, `object_price`, `order_cout`, `order_cost`, `order_info`, `order_time`, `order_track`, `order_address`, `order_name`, `order_phone`, `order_status`) VALUES (10, 'od1708486230140', 3, 25, 4599, 2, 9198, NULL, '2024-02-21 11:30:30', NULL, '浙江省绍兴市上虞区百官街道', '陈特奥', '199999', 0);
INSERT INTO `trantal_order` (`order_id`, `order_uuid`, `user_id`, `object_id`, `object_price`, `order_cout`, `order_cost`, `order_info`, `order_time`, `order_track`, `order_address`, `order_name`, `order_phone`, `order_status`) VALUES (11, 'od1708486268720', 3, 23, 4299.99, 1, 4299.99, NULL, '2024-02-21 11:31:09', 'SF9999999999999999999', '浙江省绍兴市上虞区百官街道', '陈特奥', '199999', 4);
INSERT INTO `trantal_order` (`order_id`, `order_uuid`, `user_id`, `object_id`, `object_price`, `order_cout`, `order_cost`, `order_info`, `order_time`, `order_track`, `order_address`, `order_name`, `order_phone`, `order_status`) VALUES (12, 'od1708486268720', 3, 25, 4599, 2, 9198, NULL, '2024-02-21 11:31:09', NULL, '浙江省绍兴市上虞区百官街道', '陈特奥', '199999', 0);
INSERT INTO `trantal_order` (`order_id`, `order_uuid`, `user_id`, `object_id`, `object_price`, `order_cout`, `order_cost`, `order_info`, `order_time`, `order_track`, `order_address`, `order_name`, `order_phone`, `order_status`) VALUES (13, 'od1708486571198', 3, 23, 4299.99, 1, 4299.99, NULL, '2024-02-21 11:36:11', NULL, '浙江省绍兴市上虞区百官街道', '陈特奥', '199999', 0);
INSERT INTO `trantal_order` (`order_id`, `order_uuid`, `user_id`, `object_id`, `object_price`, `order_cout`, `order_cost`, `order_info`, `order_time`, `order_track`, `order_address`, `order_name`, `order_phone`, `order_status`) VALUES (14, 'od1708486571198', 3, 25, 4599, 2, 9198, NULL, '2024-02-21 11:36:11', NULL, '浙江省绍兴市上虞区百官街道', '陈特奥', '199999', 0);
INSERT INTO `trantal_order` (`order_id`, `order_uuid`, `user_id`, `object_id`, `object_price`, `order_cout`, `order_cost`, `order_info`, `order_time`, `order_track`, `order_address`, `order_name`, `order_phone`, `order_status`) VALUES (27, 'od1708492765547', 3, 23, 4299.99, 1, 4299.99, NULL, '2024-02-21 13:19:26', NULL, '浙江省台州市台州府县天龙村', '何思', '12313213123', 0);
INSERT INTO `trantal_order` (`order_id`, `order_uuid`, `user_id`, `object_id`, `object_price`, `order_cout`, `order_cost`, `order_info`, `order_time`, `order_track`, `order_address`, `order_name`, `order_phone`, `order_status`) VALUES (28, 'od1708874485446', 2, 40, 3299, 1, 3299, NULL, '2024-02-25 23:21:25', NULL, '浙江省绍兴市上虞区百官街道', '陈特', '15372542572', 0);
INSERT INTO `trantal_order` (`order_id`, `order_uuid`, `user_id`, `object_id`, `object_price`, `order_cout`, `order_cost`, `order_info`, `order_time`, `order_track`, `order_address`, `order_name`, `order_phone`, `order_status`) VALUES (29, 'od1708874601406', 2, 31, 109, 1, 109, NULL, '2024-02-25 23:23:21', NULL, '浙江省绍兴市上虞区百官街道', '陈特', '15372542572', 0);
INSERT INTO `trantal_order` (`order_id`, `order_uuid`, `user_id`, `object_id`, `object_price`, `order_cout`, `order_cost`, `order_info`, `order_time`, `order_track`, `order_address`, `order_name`, `order_phone`, `order_status`) VALUES (30, 'od1708875378866', 2, 31, 109, 1, 109, NULL, '2024-02-25 23:36:19', NULL, '浙江省绍兴市上虞区百官街道', '陈特', '15372542572', 0);
INSERT INTO `trantal_order` (`order_id`, `order_uuid`, `user_id`, `object_id`, `object_price`, `order_cout`, `order_cost`, `order_info`, `order_time`, `order_track`, `order_address`, `order_name`, `order_phone`, `order_status`) VALUES (31, 'od1708875560606', 2, 31, 109, 1, 109, NULL, '2024-02-25 23:39:21', NULL, '浙江省绍兴市上虞区百官街道', '陈特', '15372542572', 0);
INSERT INTO `trantal_order` (`order_id`, `order_uuid`, `user_id`, `object_id`, `object_price`, `order_cout`, `order_cost`, `order_info`, `order_time`, `order_track`, `order_address`, `order_name`, `order_phone`, `order_status`) VALUES (32, 'od1708875809788', 2, 25, 4599, 1, 4599, '512G版本', '2024-02-25 23:43:30', NULL, '浙江省诸暨市上虞区百官街道', '陈特奥', '15372542572', 0);
INSERT INTO `trantal_order` (`order_id`, `order_uuid`, `user_id`, `object_id`, `object_price`, `order_cout`, `order_cost`, `order_info`, `order_time`, `order_track`, `order_address`, `order_name`, `order_phone`, `order_status`) VALUES (33, 'od1708876154469', 2, 25, 4599, 1, 4599, '512G版本', '2024-02-25 23:49:14', NULL, '浙江省诸暨市上虞区百官街道', '陈特奥', '15372542572', 0);
INSERT INTO `trantal_order` (`order_id`, `order_uuid`, `user_id`, `object_id`, `object_price`, `order_cout`, `order_cost`, `order_info`, `order_time`, `order_track`, `order_address`, `order_name`, `order_phone`, `order_status`) VALUES (34, 'od1712928788573', 39, 27, 109, 2, 218, '快递放到楼下快递柜', '2024-04-12 21:33:09', 'SF88888888888888888888', '浙江省绍兴市上虞区盖北街道', '宋sir', '888888888', 1);
INSERT INTO `trantal_order` (`order_id`, `order_uuid`, `user_id`, `object_id`, `object_price`, `order_cout`, `order_cost`, `order_info`, `order_time`, `order_track`, `order_address`, `order_name`, `order_phone`, `order_status`) VALUES (35, 'od1712930771041', 39, 26, 5999, 1, 5999, '无', '2024-04-12 22:06:11', NULL, '浙江省杭州市上城区采荷街道', '宋Sir2', '1232342332', 0);
INSERT INTO `trantal_order` (`order_id`, `order_uuid`, `user_id`, `object_id`, `object_price`, `order_cout`, `order_cost`, `order_info`, `order_time`, `order_track`, `order_address`, `order_name`, `order_phone`, `order_status`) VALUES (36, 'od1714058610725', 21, 24, 4299, 1, 4299, '无需备注', '2024-04-25 23:23:31', NULL, '网易永劫无间唐安城二楼', '玉玲珑', '133333333', 0);
INSERT INTO `trantal_order` (`order_id`, `order_uuid`, `user_id`, `object_id`, `object_price`, `order_cout`, `order_cost`, `order_info`, `order_time`, `order_track`, `order_address`, `order_name`, `order_phone`, `order_status`) VALUES (37, 'od1714118276958', 21, 25, 4599, 2, 9198, NULL, '2024-04-26 15:57:57', NULL, '网易永劫无间唐安城二楼', '玉玲珑', '133333333', 0);
COMMIT;

-- ----------------------------
-- Table structure for trantal_shop
-- ----------------------------
DROP TABLE IF EXISTS `trantal_shop`;
CREATE TABLE `trantal_shop` (
  `shop_id` int NOT NULL AUTO_INCREMENT COMMENT '购物车ID',
  `user_id` int NOT NULL COMMENT '消费者ID',
  `object_id` int NOT NULL COMMENT '商品ID',
  `shop_cout` int NOT NULL COMMENT '加入购物车商品数量',
  `shop_time` datetime NOT NULL COMMENT '加入购物车时间',
  `shop_status` int NOT NULL COMMENT '购物车该内容状态 1:为正常\n0:已删除\n',
  PRIMARY KEY (`shop_id`),
  KEY `shop_user` (`user_id`),
  KEY `shop_object` (`object_id`),
  CONSTRAINT `shop_object` FOREIGN KEY (`object_id`) REFERENCES `trantal_object` (`object_id`) ON DELETE RESTRICT ON UPDATE RESTRICT,
  CONSTRAINT `shop_user` FOREIGN KEY (`user_id`) REFERENCES `trantal_user` (`user_id`) ON DELETE RESTRICT ON UPDATE RESTRICT
) ENGINE=InnoDB AUTO_INCREMENT=26 DEFAULT CHARSET=utf8mb4 COLLATE=utf8mb4_0900_ai_ci;

-- ----------------------------
-- Records of trantal_shop
-- ----------------------------
BEGIN;
INSERT INTO `trantal_shop` (`shop_id`, `user_id`, `object_id`, `shop_cout`, `shop_time`, `shop_status`) VALUES (4, 36, 23, 5, '2024-02-20 10:20:23', 1);
INSERT INTO `trantal_shop` (`shop_id`, `user_id`, `object_id`, `shop_cout`, `shop_time`, `shop_status`) VALUES (5, 2, 25, 1, '2024-02-20 00:41:07', 1);
INSERT INTO `trantal_shop` (`shop_id`, `user_id`, `object_id`, `shop_cout`, `shop_time`, `shop_status`) VALUES (6, 3, 23, 3, '2024-02-21 12:52:06', 2);
INSERT INTO `trantal_shop` (`shop_id`, `user_id`, `object_id`, `shop_cout`, `shop_time`, `shop_status`) VALUES (7, 3, 25, 2, '2024-02-20 21:18:38', 2);
INSERT INTO `trantal_shop` (`shop_id`, `user_id`, `object_id`, `shop_cout`, `shop_time`, `shop_status`) VALUES (8, 3, 23, 1, '2024-02-21 13:06:37', 2);
INSERT INTO `trantal_shop` (`shop_id`, `user_id`, `object_id`, `shop_cout`, `shop_time`, `shop_status`) VALUES (9, 3, 25, 1, '2024-02-21 13:12:19', 2);
INSERT INTO `trantal_shop` (`shop_id`, `user_id`, `object_id`, `shop_cout`, `shop_time`, `shop_status`) VALUES (10, 3, 25, 1, '2024-02-21 13:15:11', 2);
INSERT INTO `trantal_shop` (`shop_id`, `user_id`, `object_id`, `shop_cout`, `shop_time`, `shop_status`) VALUES (11, 3, 23, 1, '2024-02-21 13:17:50', 2);
INSERT INTO `trantal_shop` (`shop_id`, `user_id`, `object_id`, `shop_cout`, `shop_time`, `shop_status`) VALUES (12, 3, 24, 1, '2024-02-21 13:22:48', 2);
INSERT INTO `trantal_shop` (`shop_id`, `user_id`, `object_id`, `shop_cout`, `shop_time`, `shop_status`) VALUES (13, 3, 23, 2, '2024-02-21 20:04:39', 1);
INSERT INTO `trantal_shop` (`shop_id`, `user_id`, `object_id`, `shop_cout`, `shop_time`, `shop_status`) VALUES (14, 37, 23, 1, '2024-02-25 09:57:33', 1);
INSERT INTO `trantal_shop` (`shop_id`, `user_id`, `object_id`, `shop_cout`, `shop_time`, `shop_status`) VALUES (15, 2, 31, 1, '2024-02-25 23:00:59', 2);
INSERT INTO `trantal_shop` (`shop_id`, `user_id`, `object_id`, `shop_cout`, `shop_time`, `shop_status`) VALUES (16, 2, 40, 1, '2024-02-25 23:21:11', 2);
INSERT INTO `trantal_shop` (`shop_id`, `user_id`, `object_id`, `shop_cout`, `shop_time`, `shop_status`) VALUES (17, 2, 31, 1, '2024-02-25 23:21:53', 2);
INSERT INTO `trantal_shop` (`shop_id`, `user_id`, `object_id`, `shop_cout`, `shop_time`, `shop_status`) VALUES (18, 2, 31, 1, '2024-02-25 23:35:59', 2);
INSERT INTO `trantal_shop` (`shop_id`, `user_id`, `object_id`, `shop_cout`, `shop_time`, `shop_status`) VALUES (19, 21, 24, 1, '2024-03-07 09:04:00', 2);
INSERT INTO `trantal_shop` (`shop_id`, `user_id`, `object_id`, `shop_cout`, `shop_time`, `shop_status`) VALUES (20, 39, 27, 2, '2024-04-12 18:06:48', 2);
INSERT INTO `trantal_shop` (`shop_id`, `user_id`, `object_id`, `shop_cout`, `shop_time`, `shop_status`) VALUES (21, 39, 26, 1, '2024-04-12 18:07:44', 2);
INSERT INTO `trantal_shop` (`shop_id`, `user_id`, `object_id`, `shop_cout`, `shop_time`, `shop_status`) VALUES (22, 4, 29, 1, '2024-04-25 15:02:41', 1);
INSERT INTO `trantal_shop` (`shop_id`, `user_id`, `object_id`, `shop_cout`, `shop_time`, `shop_status`) VALUES (23, 4, 24, 1, '2024-04-25 15:03:29', 1);
INSERT INTO `trantal_shop` (`shop_id`, `user_id`, `object_id`, `shop_cout`, `shop_time`, `shop_status`) VALUES (24, 4, 25, 5, '2024-04-25 15:15:44', 1);
INSERT INTO `trantal_shop` (`shop_id`, `user_id`, `object_id`, `shop_cout`, `shop_time`, `shop_status`) VALUES (25, 21, 25, 2, '2024-04-25 15:19:58', 2);
COMMIT;

-- ----------------------------
-- Table structure for trantal_user
-- ----------------------------
DROP TABLE IF EXISTS `trantal_user`;
CREATE TABLE `trantal_user` (
  `user_id` int NOT NULL AUTO_INCREMENT COMMENT '用户ID',
  `user_account` varchar(6) NOT NULL COMMENT '用户昵称',
  `user_name` varchar(5) NOT NULL COMMENT '用户姓名',
  `user_phone` varchar(20) NOT NULL COMMENT '用户手机号',
  `user_email` varchar(20) NOT NULL COMMENT '用户邮箱',
  `user_password` varchar(64) NOT NULL COMMENT '账户密码',
  `user_time` datetime NOT NULL COMMENT '注册时间',
  `user_last` datetime NOT NULL ON UPDATE CURRENT_TIMESTAMP COMMENT '最后登录时间',
  `user_level` int NOT NULL DEFAULT '1' COMMENT '用户登记 0:用户\n1:商家\n2:管理员\n',
  `user_status` int NOT NULL DEFAULT '1' COMMENT '账户状态 1:正常，2封禁',
  PRIMARY KEY (`user_id`),
  UNIQUE KEY `userAccount` (`user_account`),
  UNIQUE KEY `userId` (`user_id`) USING BTREE
) ENGINE=InnoDB AUTO_INCREMENT=41 DEFAULT CHARSET=utf8mb4 COLLATE=utf8mb4_0900_ai_ci;

-- ----------------------------
-- Records of trantal_user
-- ----------------------------
BEGIN;
INSERT INTO `trantal_user` (`user_id`, `user_account`, `user_name`, `user_phone`, `user_email`, `user_password`, `user_time`, `user_last`, `user_level`, `user_status`) VALUES (1, '雷蛇官方店', ' 雷正义', '14543343', ' 12233@163.com', '8d969eef6ecad3c29a3a629280e686cf0c3f5d5a86aff3ca12020c923adc6c92', '2024-01-04 03:53:00', '2024-03-06 14:49:00', 1, 1);
INSERT INTO `trantal_user` (`user_id`, `user_account`, `user_name`, `user_phone`, `user_email`, `user_password`, `user_time`, `user_last`, `user_level`, `user_status`) VALUES (2, '小米有品', '云中君', '112243432', '354334@qq.com', 'bd1e122878a61b9d25ea995ca08fcf7779dd501f0aa87b065bdd74fb2515a395', '2023-08-02 04:50:00', '2024-03-06 15:51:15', 1, 1);
INSERT INTO `trantal_user` (`user_id`, `user_account`, `user_name`, `user_phone`, `user_email`, `user_password`, `user_time`, `user_last`, `user_level`, `user_status`) VALUES (3, '机械革命官方', '雷正义', '123133344', '1123132@dsf.com', '8d969eef6ecad3c29a3a629280e686cf0c3f5d5a86aff3ca12020c923adc6c92', '2024-01-04 14:02:00', '2024-04-26 16:01:24', 1, 1);
INSERT INTO `trantal_user` (`user_id`, `user_account`, `user_name`, `user_phone`, `user_email`, `user_password`, `user_time`, `user_last`, `user_level`, `user_status`) VALUES (4, '姜太公', '姜子牙', '242424235', '12423423@qq.com', '8d969eef6ecad3c29a3a629280e686cf0c3f5d5a86aff3ca12020c923adc6c92', '2024-01-05 03:00:00', '2024-04-26 16:01:45', 2, 1);
INSERT INTO `trantal_user` (`user_id`, `user_account`, `user_name`, `user_phone`, `user_email`, `user_password`, `user_time`, `user_last`, `user_level`, `user_status`) VALUES (5, '逍遥子', '张勇', '9994859', '12423423@ali.com', '8d969eef6ecad3c29a3a629280e686cf0c3f5d5a86aff3ca12020c923adc6c92', '2023-08-13 17:22:00', '2024-03-27 14:46:29', 2, 1);
INSERT INTO `trantal_user` (`user_id`, `user_account`, `user_name`, `user_phone`, `user_email`, `user_password`, `user_time`, `user_last`, `user_level`, `user_status`) VALUES (6, '天王神', '神天', '400800', '123213@qq.com', '8d969eef6ecad3c29a3a629280e686cf0c3f5d5a86aff3ca12020c923adc6c92', '2024-01-05 14:18:53', '2024-03-06 14:49:21', 1, 1);
INSERT INTO `trantal_user` (`user_id`, `user_account`, `user_name`, `user_phone`, `user_email`, `user_password`, `user_time`, `user_last`, `user_level`, `user_status`) VALUES (7, '龙傲天2', ' 神天', ' 999434', ' 1242sf@sdf.com', '8d969eef6ecad3c29a3a629280e686cf0c3f5d5a86aff3ca12020c923adc6c92', '2024-02-07 12:39:00', '2024-03-06 14:49:24', 0, 1);
INSERT INTO `trantal_user` (`user_id`, `user_account`, `user_name`, `user_phone`, `user_email`, `user_password`, `user_time`, `user_last`, `user_level`, `user_status`) VALUES (8, '龙神', '神天', '999439', '1242sf@sdf.com', '8d969eef6ecad3c29a3a629280e686cf0c3f5d5a86aff3ca12020c923adc6c92', '2024-01-05 16:12:29', '2024-03-06 14:49:27', 0, 1);
INSERT INTO `trantal_user` (`user_id`, `user_account`, `user_name`, `user_phone`, `user_email`, `user_password`, `user_time`, `user_last`, `user_level`, `user_status`) VALUES (17, '天王星', '神天', '400800922', '123213@qq.com', '8d969eef6ecad3c29a3a629280e686cf0c3f5d5a86aff3ca12020c923adc6c92', '2024-01-05 15:49:59', '2024-03-07 08:56:57', 0, 1);
INSERT INTO `trantal_user` (`user_id`, `user_account`, `user_name`, `user_phone`, `user_email`, `user_password`, `user_time`, `user_last`, `user_level`, `user_status`) VALUES (19, '火神', '沧海', '12313', '12ff42sf@sdf.com', '8d969eef6ecad3c29a3a629280e686cf0c3f5d5a86aff3ca12020c923adc6c92', '2023-08-05 23:25:25', '2024-03-06 14:49:31', 0, 1);
INSERT INTO `trantal_user` (`user_id`, `user_account`, `user_name`, `user_phone`, `user_email`, `user_password`, `user_time`, `user_last`, `user_level`, `user_status`) VALUES (20, '沙僧', '通天河', '12313342', '12ff42sf@23df.com', '8d969eef6ecad3c29a3a629280e686cf0c3f5d5a86aff3ca12020c923adc6c92', '2023-08-05 23:27:04', '2024-03-07 08:54:57', 0, 1);
INSERT INTO `trantal_user` (`user_id`, `user_account`, `user_name`, `user_phone`, `user_email`, `user_password`, `user_time`, `user_last`, `user_level`, `user_status`) VALUES (21, '哪吒', '风火轮', '7777222', '12ff42sf@ddd.com', '8d969eef6ecad3c29a3a629280e686cf0c3f5d5a86aff3ca12020c923adc6c92', '2023-08-08 11:27:33', '2024-04-25 23:22:55', 0, 1);
INSERT INTO `trantal_user` (`user_id`, `user_account`, `user_name`, `user_phone`, `user_email`, `user_password`, `user_time`, `user_last`, `user_level`, `user_status`) VALUES (22, '火男', '季沧海', '112344', '3sdf543@qq.com', '7e9df129a0e1238583ed910ea9c285d74f8636f7701f5f8f892c8ab1c6c51a15', '2023-08-13 17:02:38', '2024-03-06 14:50:33', 0, 1);
INSERT INTO `trantal_user` (`user_id`, `user_account`, `user_name`, `user_phone`, `user_email`, `user_password`, `user_time`, `user_last`, `user_level`, `user_status`) VALUES (24, '火鸟', '苍穹', '11234433', '3ddsdf543@qq.com', 'bdf62b173540bdc6375a32072201b56eb8d014dd5dd3373d797365457e750587', '2023-10-09 13:38:13', '2024-03-06 14:50:43', 0, 1);
INSERT INTO `trantal_user` (`user_id`, `user_account`, `user_name`, `user_phone`, `user_email`, `user_password`, `user_time`, `user_last`, `user_level`, `user_status`) VALUES (25, 'shuzhi', '陈天天', '13287464728', '15376262722@qq.com', '6ca13d52ca70c883e0f0bb101e425a89e8624de51db2d2392593af6a84118090', '2024-01-02 14:18:28', '2024-03-06 14:50:52', 0, 1);
INSERT INTO `trantal_user` (`user_id`, `user_account`, `user_name`, `user_phone`, `user_email`, `user_password`, `user_time`, `user_last`, `user_level`, `user_status`) VALUES (27, '火男1', '季沧海1', '11234411', '3sdf543@qq.com1', 'e92ca768da39bd7d826b5aaf7a22ef1da9df1e9fbe61c1dc42abfb92d4196fa6', '2024-01-02 14:21:55', '2024-03-06 14:51:09', 0, 1);
INSERT INTO `trantal_user` (`user_id`, `user_account`, `user_name`, `user_phone`, `user_email`, `user_password`, `user_time`, `user_last`, `user_level`, `user_status`) VALUES (28, 'SHU1', '陈道', '13287464729', '153761162722@qq.com', '0edc4b6646b73ccd1b6f894c1dca1cdbbdbc35e6c4b065e376584dad20261c51', '2024-01-02 14:26:05', '2024-03-06 14:51:41', 0, 1);
INSERT INTO `trantal_user` (`user_id`, `user_account`, `user_name`, `user_phone`, `user_email`, `user_password`, `user_time`, `user_last`, `user_level`, `user_status`) VALUES (29, 'shino', '凌达到', '13287464721', '1537122722@qq.com', '8489675fc6addc4954c6b831c7b9495766199591cd9c40512fc62e6799a2016a', '2024-01-02 14:28:39', '2024-03-06 14:51:50', 0, 1);
INSERT INTO `trantal_user` (`user_id`, `user_account`, `user_name`, `user_phone`, `user_email`, `user_password`, `user_time`, `user_last`, `user_level`, `user_status`) VALUES (31, 'shino1', '凌达到', '13287464721', '1537122722@qq.com', '8489675fc6addc4954c6b831c7b9495766199591cd9c40512fc62e6799a2016a', '2024-01-02 14:34:34', '2024-03-06 14:52:01', 0, 1);
INSERT INTO `trantal_user` (`user_id`, `user_account`, `user_name`, `user_phone`, `user_email`, `user_password`, `user_time`, `user_last`, `user_level`, `user_status`) VALUES (33, 'shino2', '凌达到', '13287464721', '1537122722@qq.com', '6ca13d52ca70c883e0f0bb101e425a89e8624de51db2d2392593af6a84118090', '2024-01-02 14:43:21', '2024-03-06 14:52:20', 0, 1);
INSERT INTO `trantal_user` (`user_id`, `user_account`, `user_name`, `user_phone`, `user_email`, `user_password`, `user_time`, `user_last`, `user_level`, `user_status`) VALUES (34, 'shu2', '陈道', '13287464722', '15376262702@qq.com', '6ca13d52ca70c883e0f0bb101e425a89e8624de51db2d2392593af6a84118090', '2024-01-02 14:45:32', '2024-03-06 14:52:23', 0, 1);
INSERT INTO `trantal_user` (`user_id`, `user_account`, `user_name`, `user_phone`, `user_email`, `user_password`, `user_time`, `user_last`, `user_level`, `user_status`) VALUES (35, '荣耀俱乐部', '啊耀', '19999999999', 'rongyao@honor.com', '6ca13d52ca70c883e0f0bb101e425a89e8624de51db2d2392593af6a84118090', '2024-02-23 22:31:45', '2024-03-06 14:52:25', 1, 1);
INSERT INTO `trantal_user` (`user_id`, `user_account`, `user_name`, `user_phone`, `user_email`, `user_password`, `user_time`, `user_last`, `user_level`, `user_status`) VALUES (36, 'ROG官方', '小R', '17777777777', 'rog@asus163.con', '18ea8664fcfeacf3af6471d1c4195afee16b0bad3b52ffe8c50548cca40bc731', '2024-02-24 10:57:44', '2024-03-06 14:51:18', 1, 1);
INSERT INTO `trantal_user` (`user_id`, `user_account`, `user_name`, `user_phone`, `user_email`, `user_password`, `user_time`, `user_last`, `user_level`, `user_status`) VALUES (37, '微星俱乐部', '小微', '18888888888', '000001@msi.com', 'e3b0c44298fc1c149afbf4c8996fb92427ae41e4649b934ca495991b7852b855', '2024-02-24 11:06:00', '2024-03-06 14:51:32', 1, 1);
INSERT INTO `trantal_user` (`user_id`, `user_account`, `user_name`, `user_phone`, `user_email`, `user_password`, `user_time`, `user_last`, `user_level`, `user_status`) VALUES (38, '小跳跳', '马小跳', '13333333', 'mxtiao@163.com', 'dd130a849d7b29e5541b05d2f7f86a4acd4f1ec598c1c9438783f56bc4f0ff80', '2024-03-06 14:38:20', '2024-03-06 14:38:48', 0, 1);
INSERT INTO `trantal_user` (`user_id`, `user_account`, `user_name`, `user_phone`, `user_email`, `user_password`, `user_time`, `user_last`, `user_level`, `user_status`) VALUES (39, '宋师爷', '宋师爷', '05752572532', 'songshiye@163.com', '2789439b36a00ad7beee420381324bccbc1b2a153688df789899d2f15d0137f3', '2024-04-12 17:16:32', '2024-04-12 22:19:33', 0, 1);
INSERT INTO `trantal_user` (`user_id`, `user_account`, `user_name`, `user_phone`, `user_email`, `user_password`, `user_time`, `user_last`, `user_level`, `user_status`) VALUES (40, '湃有品', '木子李', '3435456656', 'muzili@qq.com', '48b89163624703cc89cad001107c3ce6314d56742ffee740d340909a3328b52e', '2024-04-12 22:23:00', '2024-04-12 23:38:45', 1, 1);
COMMIT;

SET FOREIGN_KEY_CHECKS = 1;
